label,City,Zip Code,Latitude,Longitude
Acampo — 95220,Acampo,95220,38.200231,-121.235034
Acton — 93510,Acton,93510,34.501452,-118.207862
Adelanto — 92301,Adelanto,92301,34.667815,-117.536183
Adin — 96006,Adin,96006,41.171578,-120.913161
Agoura Hills — 91301,Agoura Hills,91301,34.129058,-118.759788
Aguanga — 92536,Aguanga,92536,33.482243,-116.827173
Ahwahnee — 93601,Ahwahnee,93601,37.375816,-119.739935
Alameda — 94501,Alameda,94501,37.774633,-122.274434
Alameda — 94502,Alameda,94502,37.724817,-122.224363
Alamo — 94507,Alamo,94507,37.855717,-121.994813
Albany — 94706,Albany,94706,37.890274,-122.295192
Albion — 95410,Albion,95410,39.225694,-123.717354
Alderpoint — 95511,Alderpoint,95511,40.166028,-123.584144
Alhambra — 91801,Alhambra,91801,34.090925,-118.128164
Alhambra — 91803,Alhambra,91803,34.074736,-118.145959
Aliso Viejo — 92656,Aliso Viejo,92656,33.571259,-117.731917
Alleghany — 95910,Alleghany,95910,39.467828,-120.841386
Alpaugh — 93201,Alpaugh,93201,35.869626,-119.498771
Alpine — 91901,Alpine,91901,32.827184,-116.703729
Alta — 95701,Alta,95701,39.218096,-120.79153
Altadena — 91001,Altadena,91001,34.196837,-118.142236
Alturas — 96101,Alturas,96101,41.468877,-120.54229
Alviso — 95002,Alviso,95002,37.449537,-121.994813
Amador City — 95601,Amador City,95601,38.431407,-120.8421
Amboy — 92304,Amboy,92304,34.559882,-115.637164
Anaheim — 92801,Anaheim,92801,33.844983,-117.952151
Anaheim — 92802,Anaheim,92802,33.807864,-117.923782
Anaheim — 92804,Anaheim,92804,33.818,-117.974404
Anaheim — 92805,Anaheim,92805,33.830209,-117.906099
Anaheim — 92806,Anaheim,92806,33.83796,-117.870494
Anaheim — 92807,Anaheim,92807,33.848733,-117.788357
Anaheim — 92808,Anaheim,92808,33.850452,-117.726668
Anderson — 96007,Anderson,96007,40.448632,-122.306657
Angels Camp — 95222,Angels Camp,95222,38.071327,-120.632221
Angelus Oaks — 92305,Angelus Oaks,92305,34.1678,-116.86433
Angwin — 94508,Angwin,94508,38.542448,-122.419923
Annapolis — 95412,Annapolis,95412,38.731055,-123.316553
Antelope — 95843,Antelope,95843,38.715498,-121.363411
Antioch — 94509,Antioch,94509,37.980057,-121.801599
Anza — 92539,Anza,92539,33.527605,-116.666551
Apple Valley — 92307,Apple Valley,92307,34.55082,-117.122396
Apple Valley — 92308,Apple Valley,92308,34.424926,-117.184503
Applegate — 95703,Applegate,95703,38.983388,-120.988814
Aptos — 95003,Aptos,95003,37.013471,-121.877877
Arbuckle — 95912,Arbuckle,95912,38.982373,-122.047751
Arcadia — 91006,Arcadia,91006,34.137319,-118.029837
Arcadia — 91007,Arcadia,91007,34.128284,-118.047732
Arcata — 95521,Arcata,95521,40.839958,-124.003757
Armona — 93202,Armona,93202,36.315979,-119.710852
Arnold — 95223,Arnold,95223,38.32153,-120.236358
Aromas — 95004,Aromas,95004,36.878364,-121.629781
Arroyo Grande — 93420,Arroyo Grande,93420,35.176236,-120.483243
Artesia — 90701,Artesia,90701,33.867593,-118.080637
Arvin — 93203,Arvin,93203,35.116307,-118.817644
Atascadero — 93422,Atascadero,93422,35.453912,-120.69461
Atherton — 94027,Atherton,94027,37.454924,-122.203168
Atwater — 95301,Atwater,95301,37.321233,-120.656354
Auberry — 93602,Auberry,93602,36.991762,-119.242874
Auburn — 95602,Auburn,95602,38.99003,-121.114408
Auburn — 95603,Auburn,95603,38.912881,-121.082766
Avalon — 90704,Avalon,90704,33.391181,-118.421305
Avenal — 93204,Avenal,93204,35.916943,-120.129921
Avery — 95224,Avery,95224,38.208336,-120.339938
Avila Beach — 93424,Avila Beach,93424,35.186644,-120.728305
Azusa — 91702,Azusa,91702,34.174493,-117.87068
Badger — 93603,Badger,93603,36.64545,-118.924982
Baker — 92309,Baker,92309,35.28952,-116.092214
Bakersfield — 93301,Bakersfield,93301,35.383937,-119.020428
Bakersfield — 93304,Bakersfield,93304,35.339796,-119.023552
Bakersfield — 93305,Bakersfield,93305,35.391733,-118.984109
Bakersfield — 93306,Bakersfield,93306,35.449881,-118.841442
Bakersfield — 93307,Bakersfield,93307,35.280113,-118.962329
Bakersfield — 93308,Bakersfield,93308,35.559617,-118.925185
Bakersfield — 93309,Bakersfield,93309,35.342891,-119.064803
Bakersfield — 93311,Bakersfield,93311,35.16207,-119.194488
Bakersfield — 93312,Bakersfield,93312,35.392599,-119.245341
Bakersfield — 93313,Bakersfield,93313,35.140938,-119.051348
Baldwin Park — 91706,Baldwin Park,91706,34.098275,-117.967399
Ballico — 95303,Ballico,95303,37.4695,-120.672724
Bangor — 95914,Bangor,95914,39.396585,-121.38029
Banning — 92220,Banning,92220,33.936298,-116.849577
Barstow — 92311,Barstow,92311,34.965648,-117.001509
Bass Lake — 93604,Bass Lake,93604,37.458367,-119.345011
Bayside — 95524,Bayside,95524,40.825486,-124.049485
Beale Afb — 95903,Beale Afb,95903,39.125311,-121.392283
Beaumont — 92223,Beaumont,92223,33.946982,-116.977672
Bell — 90201,Bell,90201,33.970343,-118.171368
Bella Vista — 96008,Bella Vista,96008,40.722733,-122.109666
Bellflower — 90706,Bellflower,90706,33.887676,-118.127289
Belmont — 94002,Belmont,94002,37.509366,-122.306132
Belvedere Tiburon — 94920,Belvedere Tiburon,94920,37.885629,-122.46858
Ben Lomond — 95005,Ben Lomond,95005,37.078873,-122.090386
Benicia — 94510,Benicia,94510,38.113533,-122.11926
Benton — 93512,Benton,93512,37.653947,-118.231443
Berkeley — 94702,Berkeley,94702,37.866009,-122.286228
Berkeley — 94703,Berkeley,94703,37.863843,-122.275684
Berkeley — 94704,Berkeley,94704,37.871416,-122.246597
Berkeley — 94705,Berkeley,94705,37.858898,-122.240512
Berkeley — 94707,Berkeley,94707,37.897753,-122.279391
Berkeley — 94708,Berkeley,94708,37.897743,-122.263124
Berkeley — 94709,Berkeley,94709,37.878554,-122.26609
Berkeley — 94710,Berkeley,94710,37.872902,-122.303708
Berry Creek — 95916,Berry Creek,95916,39.657228,-121.37778
Bethel Island — 94511,Bethel Island,94511,38.050558,-121.646924
Beverly Hills — 90210,Beverly Hills,90210,34.099891,-118.414338
Beverly Hills — 90211,Beverly Hills,90211,34.063947,-118.383001
Beverly Hills — 90212,Beverly Hills,90212,34.062095,-118.401508
Bieber — 96009,Bieber,96009,41.083464,-121.107929
Big Bar — 96010,Big Bar,96010,40.775272,-123.287414
Big Bear City — 92314,Big Bear City,92314,34.278967,-116.773825
Big Bear Lake — 92315,Big Bear Lake,92315,34.242058,-116.89802
Big Bend — 96011,Big Bend,96011,41.096569,-121.879082
Big Creek — 93605,Big Creek,93605,37.17277,-119.2997
Big Oak Flat — 95305,Big Oak Flat,95305,37.818589,-120.256995
Big Pine — 93513,Big Pine,93513,37.245505,-118.062943
Big Sur — 93920,Big Sur,93920,36.092975,-121.549826
Biggs — 95917,Biggs,95917,39.457388,-121.818201
Biola — 93606,Biola,93606,36.798882,-120.019511
Birds Landing — 94512,Birds Landing,94512,38.140719,-121.838298
Bishop — 93514,Bishop,93514,37.04584,-118.397236
Blairsden Graeagle — 96103,Blairsden Graeagle,96103,39.783747,-120.661032
Blocksburg — 95514,Blocksburg,95514,40.309088,-123.668201
Bloomington — 92316,Bloomington,92316,34.059722,-117.39104
Blue Lake — 95525,Blue Lake,95525,40.94338,-123.831799
Blythe — 92225,Blythe,92225,33.674583,-114.71612
Bodega — 94922,Bodega,94922,38.343282,-122.9755
Bodega Bay — 94923,Bodega Bay,94923,38.377165,-123.037957
Bodfish — 93205,Bodfish,93205,35.523991,-118.400432
Bolinas — 94924,Bolinas,94924,37.943087,-122.72379
Bonita — 91902,Bonita,91902,32.67117,-117.00232
Bonsall — 92003,Bonsall,92003,33.290907,-117.202895
Boonville — 95415,Boonville,95415,39.025867,-123.381544
Boron — 93516,Boron,93516,34.95703,-117.73045
Borrego Springs — 92004,Borrego Springs,92004,33.200369,-116.192313
Boulder Creek — 95006,Boulder Creek,95006,37.171727,-122.142961
Boulevard — 91905,Boulevard,91905,32.677097,-116.304991
Bradley — 93426,Bradley,93426,35.842889,-121.004862
Branscomb — 95417,Branscomb,95417,39.710591,-123.682799
Brawley — 92227,Brawley,92227,33.03933,-115.191857
Brea — 92821,Brea,92821,33.930199,-117.862898
Brea — 92823,Brea,92823,33.924143,-117.79387
Brentwood — 94513,Brentwood,94513,37.908242,-121.682472
Bridgeport — 93517,Bridgeport,93517,38.184583,-119.286558
Bridgeville — 95526,Bridgeville,95526,40.372532,-123.525626
Brisbane — 94005,Brisbane,94005,37.684694,-122.40712
Brookdale — 95007,Brookdale,95007,37.106902,-122.100006
Brooks — 95606,Brooks,95606,38.809804,-122.241383
Browns Valley — 95918,Browns Valley,95918,39.292334,-121.320597
Brownsville — 95919,Brownsville,95919,39.440687,-121.263583
Buellton — 93427,Buellton,93427,34.631362,-120.238218
Buena Park — 90620,Buena Park,90620,33.845706,-118.012204
Buena Park — 90621,Buena Park,90621,33.874224,-117.993368
Burbank — 91501,Burbank,91501,34.188339,-118.300942
Burbank — 91502,Burbank,91502,34.177267,-118.31003
Burbank — 91504,Burbank,91504,34.213049,-118.317651
Burbank — 91505,Burbank,91505,34.174215,-118.345928
Burbank — 91506,Burbank,91506,34.169706,-118.323548
Burlingame — 94010,Burlingame,94010,37.57028,-122.365778
Burney — 96013,Burney,96013,40.946785,-121.719489
Burnt Ranch — 95527,Burnt Ranch,95527,40.854512,-123.450097
Burson — 95225,Burson,95225,38.183918,-120.898817
Butte City — 95920,Butte City,95920,39.449794,-121.936372
Buttonwillow — 93206,Buttonwillow,93206,35.451402,-119.488413
Byron — 94514,Byron,94514,37.83323,-121.601461
Cabazon — 92230,Cabazon,92230,33.929812,-116.76058
Calabasas — 91302,Calabasas,91302,34.130861,-118.68346
Calexico — 92231,Calexico,92231,32.690654,-115.431225
Caliente — 93518,Caliente,93518,35.358953,-118.527064
California City — 93505,California City,93505,35.151491,-117.927597
California Hot Springs — 93207,California Hot Springs,93207,35.865795,-118.69759
Calimesa — 92320,Calimesa,92320,33.982787,-117.057627
Calipatria — 92233,Calipatria,92233,33.143826,-115.497485
Calistoga — 94515,Calistoga,94515,38.629618,-122.593216
Callahan — 96014,Callahan,96014,41.388397,-122.794636
Calpine — 96124,Calpine,96124,39.672813,-120.456699
Camarillo — 93010,Camarillo,93010,34.227846,-119.079903
Camarillo — 93012,Camarillo,93012,34.205504,-118.993111
Cambria — 93428,Cambria,93428,35.591387,-121.032256
Camino — 95709,Camino,95709,38.748316,-120.675512
Camp Nelson — 93208,Camp Nelson,93208,36.057458,-118.591951
Campbell — 95008,Campbell,95008,37.279689,-121.954567
Campo — 91906,Campo,91906,32.673483,-116.472863
Campo Seco — 95226,Campo Seco,95226,38.233879,-120.861666
Camptonville — 95922,Camptonville,95922,39.432127,-121.099287
Canby — 96015,Canby,96015,41.486953,-120.913975
Canoga Park — 91303,Canoga Park,91303,34.19829,-118.602203
Canoga Park — 91304,Canoga Park,91304,34.224377,-118.632656
Cantua Creek — 93608,Cantua Creek,93608,36.488056,-120.407691
Canyon Country — 91351,Canyon Country,91351,34.422519,-118.420717
Canyon Dam — 95923,Canyon Dam,95923,40.171312,-121.120605
Capay — 95607,Capay,95607,38.681651,-122.130569
Capistrano Beach — 92624,Capistrano Beach,92624,33.458754,-117.665104
Capitola — 95010,Capitola,95010,36.977025,-121.952864
Cardiff By The Sea — 92007,Cardiff By The Sea,92007,33.015866,-117.272254
Carlotta — 95528,Carlotta,95528,40.497283,-123.93037
Carlsbad — 92008,Carlsbad,92008,33.148116,-117.306043
Carlsbad — 92009,Carlsbad,92009,33.098018,-117.258203
Carmel — 93923,Carmel,93923,36.460611,-121.852507
Carmel By The Sea — 93921,Carmel By The Sea,93921,36.554618,-121.922239
Carmel Valley — 93924,Carmel Valley,93924,36.414611,-121.6386
Carmichael — 95608,Carmichael,95608,38.626128,-121.328011
Carnelian Bay — 96140,Carnelian Bay,96140,39.227434,-120.091806
Carpinteria — 93013,Carpinteria,93013,34.441398,-119.513163
Carson — 90745,Carson,90745,33.822295,-118.26411
Carson — 90746,Carson,90746,33.859171,-118.252272
Caruthers — 93609,Caruthers,93609,36.5276,-119.865999
Casmalia — 93429,Casmalia,93429,34.866032,-120.536546
Caspar — 95420,Caspar,95420,39.361283,-123.784599
Cassel — 96016,Cassel,96016,40.936285,-121.572692
Castaic — 91384,Castaic,91384,34.506627,-118.699048
Castella — 96017,Castella,96017,41.121108,-122.336613
Castro Valley — 94546,Castro Valley,94546,37.708327,-122.083473
Castro Valley — 94552,Castro Valley,94552,37.722727,-122.02157
Castroville — 95012,Castroville,95012,36.784481,-121.759054
Cathedral City — 92234,Cathedral City,92234,33.829583,-116.474131
Catheys Valley — 95306,Catheys Valley,95306,37.394411,-120.127262
Cayucos — 93430,Cayucos,93430,35.511833,-120.918713
Cazadero — 95421,Cazadero,95421,38.578807,-123.19338
Cedar Glen — 92321,Cedar Glen,92321,34.255203,-117.175654
Cedarville — 96104,Cedarville,96104,41.505916,-120.152505
Ceres — 95307,Ceres,95307,37.553469,-120.952825
Cerritos — 90703,Cerritos,90703,33.8681,-118.067402
Challenge — 95925,Challenge,95925,39.461768,-121.195825
Chatsworth — 91311,Chatsworth,91311,34.294142,-118.603883
Chester — 96020,Chester,96020,40.243494,-121.154733
Chico — 95926,Chico,95926,39.745712,-121.84333
Chico — 95928,Chico,95928,39.681488,-121.83721
Chico — 95973,Chico,95973,39.903272,-121.843567
Chilcoot — 96105,Chilcoot,96105,39.872961,-120.198876
Chino — 91710,Chino,91710,33.990646,-117.663025
Chino Hills — 91709,Chino Hills,91709,33.942895,-117.725644
Chowchilla — 93610,Chowchilla,93610,37.100948,-120.270136
Chualar — 93925,Chualar,93925,36.596271,-121.442274
Chula Vista — 91910,Chula Vista,91910,32.636792,-117.054989
Chula Vista — 91911,Chula Vista,91911,32.607964,-117.059459
Chula Vista — 91913,Chula Vista,91913,32.64164,-116.985026
Chula Vista — 91914,Chula Vista,91914,32.688506,-116.938632
Chula Vista — 91915,Chula Vista,91915,32.605012,-116.97595
Citrus Heights — 95610,Citrus Heights,95610,38.69508,-121.271616
Citrus Heights — 95621,Citrus Heights,95621,38.69549,-121.307864
Claremont — 91711,Claremont,91711,34.127621,-117.717863
Clarksburg — 95612,Clarksburg,95612,38.384648,-121.578701
Clayton — 94517,Clayton,94517,37.881842,-121.848111
Clearlake — 95422,Clearlake,95422,38.965804,-122.631779
Clearlake Oaks — 95423,Clearlake Oaks,95423,39.07116,-122.598542
Clements — 95227,Clements,95227,38.227285,-121.02789
Clio — 96106,Clio,96106,39.745805,-120.580882
Clipper Mills — 95930,Clipper Mills,95930,39.562239,-121.14836
Cloverdale — 95425,Cloverdale,95425,38.801936,-122.938935
Clovis — 93611,Clovis,93611,36.917652,-119.593757
Clovis — 93612,Clovis,93612,36.814539,-119.711868
Coachella — 92236,Coachella,92236,33.680031,-116.171678
Coalinga — 93210,Coalinga,93210,36.186867,-120.387793
Coarsegold — 93614,Coarsegold,93614,37.212191,-119.749323
Cobb — 95426,Cobb,95426,38.838088,-122.73203
Coleville — 96107,Coleville,96107,38.42528,-119.475741
Colfax — 95713,Colfax,95713,39.084645,-120.894014
Colton — 92324,Colton,92324,34.030915,-117.273201
Columbia — 95310,Columbia,95310,38.085839,-120.37855
Colusa — 95932,Colusa,95932,39.273096,-122.050763
Comptche — 95427,Comptche,95427,39.239818,-123.565432
Compton — 90220,Compton,90220,33.88151,-118.234451
Compton — 90221,Compton,90221,33.885811,-118.206459
Compton — 90222,Compton,90222,33.912246,-118.236773
Concord — 94518,Concord,94518,37.950248,-122.022455
Concord — 94519,Concord,94519,37.990118,-122.012188
Concord — 94520,Concord,94520,38.013825,-122.039144
Concord — 94521,Concord,94521,37.971421,-121.971504
Cool — 95614,Cool,95614,38.880622,-120.973865
Copperopolis — 95228,Copperopolis,95228,37.943954,-120.67108
Corcoran — 93212,Corcoran,93212,36.04533,-119.532424
Corning — 96021,Corning,96021,39.913777,-122.289984
Corona — 92879,Corona,92879,33.893823,-117.531446
Corona — 92880,Corona,92880,33.918043,-117.617809
Corona — 92881,Corona,92881,33.833686,-117.513063
Corona — 92882,Corona,92882,33.819385,-117.600213
Corona — 92883,Corona,92883,33.762351,-117.488725
Corona Del Mar — 92625,Corona Del Mar,92625,33.600987,-117.862734
Coronado — 92118,Coronado,92118,32.68674,-117.186612
Corte Madera — 94925,Corte Madera,94925,37.924014,-122.511694
Costa Mesa — 92626,Costa Mesa,92626,33.678591,-117.905471
Costa Mesa — 92627,Costa Mesa,92627,33.645672,-117.922613
Cotati — 94931,Cotati,94931,38.326215,-122.718742
Cottonwood — 96022,Cottonwood,96022,40.336392,-122.448533
Coulterville — 95311,Coulterville,95311,37.722127,-120.110174
Courtland — 95615,Courtland,95615,38.311609,-121.554034
Covelo — 95428,Covelo,95428,39.83307,-123.178765
Covina — 91722,Covina,91722,34.097345,-117.906736
Covina — 91723,Covina,91723,34.084747,-117.886844
Covina — 91724,Covina,91724,34.08111,-117.853935
Crescent City — 95531,Crescent City,95531,41.701223,-124.003393
Crescent Mills — 95934,Crescent Mills,95934,40.080342,-120.957805
Cressey — 95312,Cressey,95312,37.420273,-120.66527
Crestline — 92325,Crestline,92325,34.248061,-117.29028
Creston — 93432,Creston,93432,35.480896,-120.469476
Crockett — 94525,Crockett,94525,38.049292,-122.228415
Crows Landing — 95313,Crows Landing,95313,37.435664,-121.049056
Culver City — 90230,Culver City,90230,33.993991,-118.39704
Culver City — 90232,Culver City,90232,34.019323,-118.391902
Cupertino — 95014,Cupertino,95014,37.306612,-122.080621
Cutler — 93615,Cutler,93615,36.497895,-119.285484
Cypress — 90630,Cypress,90630,33.818477,-118.038307
Daggett — 92327,Daggett,92327,34.875144,-116.821698
Daly City — 94014,Daly City,94014,37.691561,-122.445202
Daly City — 94015,Daly City,94015,37.680844,-122.48131
Dana Point — 92629,Dana Point,92629,33.477923,-117.705314
Danville — 94506,Danville,94506,37.791481,-121.903253
Danville — 94526,Danville,94526,37.815459,-121.977203
Darwin — 93522,Darwin,93522,36.319181,-117.593053
Davenport — 95017,Davenport,95017,37.114335,-122.237162
Davis — 95616,Davis,95616,38.508735,-121.678813
Davis — 95618,Davis,95618,38.544002,-121.685559
Davis Creek — 96108,Davis Creek,96108,41.750354,-120.403885
Death Valley — 92328,Death Valley,92328,36.27688,-117.033326
Deer Park — 94576,Deer Park,94576,38.554383,-122.474773
Del Mar — 92014,Del Mar,92014,32.948262,-117.256086
Del Rey — 93616,Del Rey,93616,36.657462,-119.595293
Delano — 93215,Delano,93215,35.772244,-119.209689
Delhi — 95315,Delhi,95315,37.422961,-120.765493
Denair — 95316,Denair,95316,37.524721,-120.757977
Descanso — 91916,Descanso,91916,32.912664,-116.635387
Desert Center — 92239,Desert Center,92239,33.889605,-115.257009
Desert Hot Springs — 92240,Desert Hot Springs,92240,33.948558,-116.516976
Desert Hot Springs — 92241,Desert Hot Springs,92241,33.832799,-116.250973
Diamond Bar — 91765,Diamond Bar,91765,33.992416,-117.807874
Diamond Springs — 95619,Diamond Springs,95619,38.683605,-120.811852
Dillon Beach — 94929,Dillon Beach,94929,38.24458,-122.956268
Dinuba — 93618,Dinuba,93618,36.523619,-119.386868
Dixon — 95620,Dixon,95620,38.392821,-121.799917
Dobbins — 95935,Dobbins,95935,39.381174,-121.21191
Dorris — 96023,Dorris,96023,41.949216,-122.050062
Dos Palos — 93620,Dos Palos,93620,37.045728,-120.630682
Dos Rios — 95429,Dos Rios,95429,39.756049,-123.358701
Douglas City — 96024,Douglas City,96024,40.586588,-122.903677
Downey — 90240,Downey,90240,33.956228,-118.120993
Downey — 90241,Downey,90241,33.940884,-118.128628
Downey — 90242,Downey,90242,33.921793,-118.140588
Downieville — 95936,Downieville,95936,39.578792,-120.780786
Doyle — 96109,Doyle,96109,40.012675,-120.101857
Duarte — 91010,Duarte,91010,34.145695,-117.95982
Dublin — 94568,Dublin,94568,37.713926,-121.928425
Ducor — 93218,Ducor,93218,35.846067,-119.004073
Dulzura — 91917,Dulzura,91917,32.622999,-116.687855
Duncans Mills — 95430,Duncans Mills,95430,38.445603,-123.063756
Dunlap — 93621,Dunlap,93621,36.789213,-119.140338
Dunnigan — 95937,Dunnigan,95937,38.931425,-121.946081
Dunsmuir — 96025,Dunsmuir,96025,41.212695,-122.392067
Durham — 95938,Durham,95938,39.607831,-121.777959
Dutch Flat — 95714,Dutch Flat,95714,39.197215,-120.83679
Eagleville — 96110,Eagleville,96110,41.280341,-120.150381
Earlimart — 93219,Earlimart,93219,35.858054,-119.305858
Earp — 92242,Earp,92242,34.137742,-114.36514
Echo Lake — 95721,Echo Lake,95721,38.851842,-120.076204
Edwards — 93523,Edwards,93523,34.966777,-117.961179
El Cajon — 92019,El Cajon,92019,32.785165,-116.862648
El Cajon — 92020,El Cajon,92020,32.79697,-116.969082
El Cajon — 92021,El Cajon,92021,32.832706,-116.873258
El Centro — 92243,El Centro,92243,32.770393,-115.60915
El Cerrito — 94530,El Cerrito,94530,37.924838,-122.289145
El Dorado — 95623,El Dorado,95623,38.63153,-120.842609
El Dorado Hills — 95762,El Dorado Hills,95762,38.684437,-121.055634
El Monte — 91731,El Monte,91731,34.079934,-118.046695
El Monte — 91732,El Monte,91732,34.074492,-118.01462
El Nido — 95317,El Nido,95317,37.127386,-120.506422
El Portal — 95318,El Portal,95318,37.654551,-119.822984
El Segundo — 90245,El Segundo,90245,33.917145,-118.401554
El Sobrante — 94803,El Sobrante,94803,37.963995,-122.288296
Eldridge — 95431,Eldridge,95431,38.348884,-122.51699
Elk — 95432,Elk,95432,39.108252,-123.645121
Elk Creek — 95939,Elk Creek,95939,39.53222,-122.594879
Elk Grove — 95624,Elk Grove,95624,38.434138,-121.30587
Elk Grove — 95758,Elk Grove,95758,38.35363,-121.44195
Elmira — 95625,Elmira,95625,38.349195,-121.902943
Elverta — 95626,Elverta,95626,38.734997,-121.463719
Emeryville — 94608,Emeryville,94608,37.83726,-122.287648
Emigrant Gap — 95715,Emigrant Gap,95715,39.23754,-120.720196
Encinitas — 92024,Encinitas,92024,33.054579,-117.25665
Encino — 91316,Encino,91316,34.150354,-118.518292
Encino — 91436,Encino,91436,34.152875,-118.486056
Escalon — 95320,Escalon,95320,37.818543,-121.006907
Escondido — 92025,Escondido,92025,33.081478,-117.033814
Escondido — 92026,Escondido,92026,33.21846,-117.116916
Escondido — 92027,Escondido,92027,33.141265,-116.967221
Escondido — 92029,Escondido,92029,33.079834,-117.134275
Esparto — 95627,Esparto,95627,38.834469,-122.127193
Essex — 92332,Essex,92332,34.9436,-115.287901
Etna — 96027,Etna,96027,41.405193,-123.008567
Eureka — 95501,Eureka,95501,40.796621,-124.15428
Eureka — 95503,Eureka,95503,40.737431,-124.108897
Exeter — 93221,Exeter,93221,36.301689,-119.018233
Fair Oaks — 95628,Fair Oaks,95628,38.652065,-121.25441
Fairfax — 94930,Fairfax,94930,37.971751,-122.611873
Fairfield — 94533,Fairfield,94533,38.287136,-122.02711
Fall River Mills — 96028,Fall River Mills,96028,41.017282,-121.468945
Fallbrook — 92028,Fallbrook,92028,33.362575,-117.299644
Farmersville — 93223,Farmersville,93223,36.29878,-119.201028
Farmington — 95230,Farmington,95230,37.956963,-120.863055
Fawnskin — 92333,Fawnskin,92333,34.274846,-116.937581
Fellows — 93224,Fellows,93224,35.215731,-119.57013
Felton — 95018,Felton,95018,37.089111,-122.062213
Ferndale — 95536,Ferndale,95536,40.4785,-124.301372
Fiddletown — 95629,Fiddletown,95629,38.513484,-120.704613
Fields Landing — 95537,Fields Landing,95537,40.726949,-124.217378
Fillmore — 93015,Fillmore,93015,34.408161,-118.865111
Firebaugh — 93622,Firebaugh,93622,36.785618,-120.625382
Fish Camp — 93623,Fish Camp,93623,37.483535,-119.679414
Five Points — 93624,Five Points,93624,36.397745,-120.119911
Flournoy — 96029,Flournoy,96029,39.84784,-122.544556
Folsom — 95630,Folsom,95630,38.672638,-121.147403
Fontana — 92335,Fontana,92335,34.087558,-117.464096
Fontana — 92336,Fontana,92336,34.136367,-117.460803
Fontana — 92337,Fontana,92337,34.049671,-117.468896
Foothill Ranch — 92610,Foothill Ranch,92610,33.698728,-117.67768
Forbestown — 95941,Forbestown,95941,39.531028,-121.24807
Forest Falls — 92339,Forest Falls,92339,34.067699,-116.903891
Forest Knolls — 94933,Forest Knolls,94933,38.010092,-122.689442
Forest Ranch — 95942,Forest Ranch,95942,40.077028,-121.494168
Foresthill — 95631,Foresthill,95631,39.031876,-120.811141
Forestville — 95436,Forestville,95436,38.499302,-122.92444
Forks Of Salmon — 96031,Forks Of Salmon,96031,41.232128,-123.194748
Fort Bidwell — 96112,Fort Bidwell,96112,41.932207,-120.135941
Fort Bragg — 95437,Fort Bragg,95437,39.455555,-123.683979
Fort Irwin — 92310,Fort Irwin,92310,35.349241,-116.770281
Fort Jones — 96032,Fort Jones,96032,41.5837,-122.935922
Fortuna — 95540,Fortuna,95540,40.584991,-124.121504
Fountain Valley — 92708,Fountain Valley,92708,33.712036,-117.950113
Fowler — 93625,Fowler,93625,36.625792,-119.672483
Frazier Park — 93222,Frazier Park,93222,34.907911,-119.234281
Frazier Park — 93225,Frazier Park,93225,34.827662,-118.999073
Freedom — 95019,Freedom,95019,36.936228,-121.785559
Fremont — 94536,Fremont,94536,37.572273,-121.964583
Fremont — 94538,Fremont,94538,37.505768,-121.962472
Fremont — 94539,Fremont,94539,37.516791,-121.899117
Fremont — 94555,Fremont,94555,37.555473,-122.080312
French Camp — 95231,French Camp,95231,37.873283,-121.292034
French Gulch — 96033,French Gulch,96033,40.740138,-122.587476
Fresno — 93650,Fresno,93650,36.841655,-119.797113
Fresno — 93701,Fresno,93701,36.749403,-119.787574
Fresno — 93702,Fresno,93702,36.739385,-119.753649
Fresno — 93703,Fresno,93703,36.768774,-119.762633
Fresno — 93704,Fresno,93704,36.799648,-119.801247
Fresno — 93705,Fresno,93705,36.78724,-119.827813
Fresno — 93706,Fresno,93706,36.654614,-119.903674
Fresno — 93710,Fresno,93710,36.822715,-119.761826
Fresno — 93711,Fresno,93711,36.833002,-119.82947
Fresno — 93720,Fresno,93720,36.878709,-119.7645
Fresno — 93721,Fresno,93721,36.732694,-119.783786
Fresno — 93722,Fresno,93722,36.78979,-119.929894
Fresno — 93725,Fresno,93725,36.623632,-119.741322
Fresno — 93726,Fresno,93726,36.793601,-119.761131
Fresno — 93727,Fresno,93727,36.751489,-119.68072
Fresno — 93728,Fresno,93728,36.757345,-119.818274
Friant — 93626,Friant,93626,37.027663,-119.69056
Fullerton — 92831,Fullerton,92831,33.879983,-117.895482
Fullerton — 92832,Fullerton,92832,33.868316,-117.929029
Fullerton — 92833,Fullerton,92833,33.877639,-117.961212
Fullerton — 92835,Fullerton,92835,33.902211,-117.914922
Fulton — 95439,Fulton,95439,38.493888,-122.777141
Galt — 95632,Galt,95632,38.274451,-121.259201
Garberville — 95542,Garberville,95542,40.057784,-123.679461
Garden Grove — 92840,Garden Grove,92840,33.787165,-117.931889
Garden Grove — 92841,Garden Grove,92841,33.786738,-117.982564
Garden Grove — 92843,Garden Grove,92843,33.764018,-117.931507
Garden Grove — 92844,Garden Grove,92844,33.766476,-117.969795
Garden Grove — 92845,Garden Grove,92845,33.782955,-118.026456
Garden Valley — 95633,Garden Valley,95633,38.852544,-120.837669
Gardena — 90247,Gardena,90247,33.890853,-118.297967
Gardena — 90248,Gardena,90248,33.876482,-118.284077
Gardena — 90249,Gardena,90249,33.90139,-118.315697
Gasquet — 95543,Gasquet,95543,41.867908,-123.794144
Gazelle — 96034,Gazelle,96034,41.411315,-122.697236
Georgetown — 95634,Georgetown,95634,38.9386,-120.785514
Gerber — 96035,Gerber,96035,40.03194,-122.176023
Geyserville — 95441,Geyserville,95441,38.731771,-123.064272
Gilroy — 95020,Gilroy,95020,37.03889,-121.528955
Glen Ellen — 95442,Glen Ellen,95442,38.368744,-122.522642
Glencoe — 95232,Glencoe,95232,38.358464,-120.579304
Glendale — 91201,Glendale,91201,34.17051,-118.289463
Glendale — 91202,Glendale,91202,34.167926,-118.267539
Glendale — 91203,Glendale,91203,34.153338,-118.262974
Glendale — 91204,Glendale,91204,34.136306,-118.26036
Glendale — 91205,Glendale,91205,34.13658,-118.245839
Glendale — 91206,Glendale,91206,34.162515,-118.203869
Glendale — 91207,Glendale,91207,34.182378,-118.262922
Glendale — 91208,Glendale,91208,34.195386,-118.238508
Glendora — 91740,Glendora,91740,34.119363,-117.855059
Glendora — 91741,Glendora,91741,34.14649,-117.849815
Glenhaven — 95443,Glenhaven,95443,39.045246,-122.743181
Glenn — 95943,Glenn,95943,39.597975,-122.032248
Glennville — 93226,Glennville,93226,35.735694,-118.738483
Gold Run — 95717,Gold Run,95717,39.170376,-120.838404
Goleta — 93117,Goleta,93117,34.489983,-120.091246
Gonzales — 93926,Gonzales,93926,36.52588,-121.396719
Goodyears Bar — 95944,Goodyears Bar,95944,39.564113,-120.868836
Granada Hills — 91344,Granada Hills,91344,34.291273,-118.505104
Grand Terrace — 92313,Grand Terrace,92313,34.029175,-117.307211
Granite Bay — 95746,Granite Bay,95746,38.749466,-121.184196
Grass Valley — 95945,Grass Valley,95945,39.194539,-120.988066
Grass Valley — 95949,Grass Valley,95949,39.099204,-121.137962
Graton — 95444,Graton,95444,38.434362,-122.86891
Green Valley Lake — 92341,Green Valley Lake,92341,34.244411,-117.072654
Greenbrae — 94904,Greenbrae,94904,37.946617,-122.563571
Greenfield — 93927,Greenfield,93927,36.248708,-121.386617
Greenview — 96037,Greenview,96037,41.528541,-122.955018
Greenville — 95947,Greenville,95947,40.160386,-120.835428
Greenwood — 95635,Greenwood,95635,38.921333,-120.897718
Grenada — 96038,Grenada,96038,41.599978,-122.539381
Gridley — 95948,Gridley,95948,39.346898,-121.759537
Grimes — 95950,Grimes,95950,39.033058,-121.895718
Grizzly Flats — 95636,Grizzly Flats,95636,38.636102,-120.522149
Groveland — 95321,Groveland,95321,37.902968,-119.667544
Grover Beach — 93433,Grover Beach,93433,35.120833,-120.61843
Guadalupe — 93434,Guadalupe,93434,34.936,-120.594655
Gualala — 95445,Gualala,95445,38.848082,-123.50608
Guatay — 91931,Guatay,91931,32.857946,-116.561917
Guerneville — 95446,Guerneville,95446,38.52576,-123.013347
Guinda — 95637,Guinda,95637,38.830739,-122.196202
Gustine — 95322,Gustine,95322,37.147198,-121.120161
Hacienda Heights — 91745,Hacienda Heights,91745,33.998471,-117.973758
Half Moon Bay — 94019,Half Moon Bay,94019,37.45567,-122.407992
Hamilton City — 95951,Hamilton City,95951,39.732767,-122.042298
Hanford — 93230,Hanford,93230,36.29223,-119.622676
Happy Camp — 96039,Happy Camp,96039,41.831901,-123.487478
Harbor City — 90710,Harbor City,90710,33.798266,-118.300237
Hat Creek — 96040,Hat Creek,96040,40.789799,-121.474529
Hathaway Pines — 95233,Hathaway Pines,95233,38.184914,-120.364085
Hawaiian Gardens — 90716,Hawaiian Gardens,90716,33.830431,-118.074071
Hawthorne — 90250,Hawthorne,90250,33.914775,-118.348083
Hayfork — 96041,Hayfork,96041,40.547857,-123.187265
Hayward — 94541,Hayward,94541,37.674002,-122.076796
Hayward — 94542,Hayward,94542,37.656695,-122.048361
Hayward — 94544,Hayward,94544,37.639215,-122.037554
Hayward — 94545,Hayward,94545,37.62984,-122.120843
Healdsburg — 95448,Healdsburg,95448,38.618347,-122.908422
Heber — 92249,Heber,92249,32.730583,-115.501083
Helendale — 92342,Helendale,92342,34.757783,-117.33997
Helm — 93627,Helm,93627,36.520537,-120.118055
Hemet — 92543,Hemet,92543,33.739415,-116.968339
Hemet — 92544,Hemet,92544,33.644585,-116.871544
Hemet — 92545,Hemet,92545,33.734933,-117.044145
Herald — 95638,Herald,95638,38.313447,-121.123886
Hercules — 94547,Hercules,94547,37.991259,-122.214945
Herlong — 96113,Herlong,96113,40.198234,-120.18089
Hermosa Beach — 90254,Hermosa Beach,90254,33.86532,-118.396336
Hesperia — 92345,Hesperia,92345,34.361387,-117.337509
Hickman — 95323,Hickman,95323,37.605926,-120.69955
Highland — 92346,Highland,92346,34.129677,-117.154277
Hilmar — 95324,Hilmar,95324,37.394536,-120.890747
Hinkley — 92347,Hinkley,92347,34.983808,-117.239306
Hollister — 95023,Hollister,95023,36.875409,-121.279679
Holtville — 92250,Holtville,92250,32.811001,-115.152865
Homeland — 92548,Homeland,92548,33.761894,-117.120868
Homewood — 96141,Homewood,96141,39.117018,-120.212535
Honeydew — 95545,Honeydew,95545,40.342928,-124.063329
Hood — 95639,Hood,95639,38.375325,-121.507935
Hoopa — 95546,Hoopa,95546,41.163637,-123.704841
Hopland — 95449,Hopland,95449,38.93706,-123.118111
Hornbrook — 96044,Hornbrook,96044,41.962127,-122.527696
Hornitos — 95325,Hornitos,95325,37.479926,-120.230424
Hughson — 95326,Hughson,95326,37.5923,-120.853288
Hume — 93628,Hume,93628,36.807595,-118.901544
Huntington Beach — 92646,Huntington Beach,92646,33.666301,-117.969501
Huntington Beach — 92647,Huntington Beach,92647,33.723579,-118.005441
Huntington Beach — 92648,Huntington Beach,92648,33.679659,-118.016195
Huntington Beach — 92649,Huntington Beach,92649,33.721917,-118.043237
Huntington Park — 90255,Huntington Park,90255,33.97803,-118.217141
Huron — 93234,Huron,93234,36.217864,-120.080117
Hyampom — 96046,Hyampom,96046,40.648024,-123.465088
Hydesville — 95547,Hydesville,95547,40.557314,-124.081662
Idyllwild — 92549,Idyllwild,92549,33.755039,-116.741796
Igo — 96047,Igo,96047,40.524535,-122.647172
Imperial — 92251,Imperial,92251,32.858595,-115.662709
Imperial Beach — 91932,Imperial Beach,91932,32.579134,-117.119009
Independence — 93526,Independence,93526,36.869584,-118.189241
Indian Wells — 92210,Indian Wells,92210,33.537646,-116.291089
Indio — 92201,Indio,92201,33.713891,-116.237257
Indio — 92203,Indio,92203,33.752938,-116.230055
Inglewood — 90301,Inglewood,90301,33.956445,-118.358634
Inglewood — 90302,Inglewood,90302,33.975332,-118.355252
Inglewood — 90303,Inglewood,90303,33.936291,-118.332639
Inglewood — 90304,Inglewood,90304,33.936827,-118.359824
Inglewood — 90305,Inglewood,90305,33.958134,-118.330905
Inverness — 94937,Inverness,94937,38.099323,-122.945723
Inyokern — 93527,Inyokern,93527,36.041315,-118.188235
Ione — 95640,Ione,95640,38.33788,-120.954202
Irvine — 92602,Irvine,92602,33.720359,-117.733655
Irvine — 92604,Irvine,92604,33.688546,-117.788091
Irvine — 92606,Irvine,92606,33.703976,-117.824172
Irvine — 92612,Irvine,92612,33.643095,-117.810896
Irvine — 92614,Irvine,92614,33.680302,-117.833296
Irvine — 92618,Irvine,92618,33.667145,-117.732135
Irvine — 92620,Irvine,92620,33.716136,-117.752574
Isleton — 95641,Isleton,95641,38.154823,-121.601358
Ivanhoe — 93235,Ivanhoe,93235,36.385818,-119.224243
Jackson — 95642,Jackson,95642,38.336216,-120.76901
Jacumba — 91934,Jacumba,91934,32.649787,-116.2237
Jamestown — 95327,Jamestown,95327,37.84771,-120.486589
Jamul — 91935,Jamul,91935,32.695681,-116.798386
Janesville — 96114,Janesville,96114,40.294034,-120.512622
Jenner — 95450,Jenner,95450,38.505995,-123.187019
Johannesburg — 93528,Johannesburg,93528,35.363339,-117.637641
Jolon — 93928,Jolon,93928,35.930782,-121.189757
Joshua Tree — 92252,Joshua Tree,92252,34.167236,-116.281511
Julian — 92036,Julian,92036,32.980678,-116.262854
Junction City — 96048,Junction City,96048,40.913192,-123.06597
June Lake — 93529,June Lake,93529,37.730269,-119.055813
Keeler — 93530,Keeler,93530,36.560498,-117.962461
Keene — 93531,Keene,93531,35.214982,-118.59049
Kelseyville — 95451,Kelseyville,95451,38.93496,-122.792243
Kenwood — 95452,Kenwood,95452,38.419525,-122.521585
Kerman — 93630,Kerman,93630,36.727418,-120.123526
Kernville — 93238,Kernville,93238,35.852892,-118.397782
Kettleman City — 93239,Kettleman City,93239,35.996923,-120.000951
Keyes — 95328,Keyes,95328,37.555631,-120.911653
King City — 93930,King City,93930,36.220761,-120.980777
Kings Beach — 96143,Kings Beach,96143,39.246654,-120.029273
Kingsburg — 93631,Kingsburg,93631,36.478239,-119.52137
Kirkwood — 95646,Kirkwood,95646,38.631489,-120.015167
Klamath — 95548,Klamath,95548,41.572813,-124.035011
Klamath River — 96050,Klamath River,96050,41.816595,-122.948287
Kneeland — 95549,Kneeland,95549,40.664483,-123.865325
Knights Landing — 95645,Knights Landing,95645,38.875508,-121.765866
Korbel — 95550,Korbel,95550,40.7666,-123.80458
Kyburz — 95720,Kyburz,95720,38.766036,-120.209673
La Canada Flintridge — 91011,La Canada Flintridge,91011,34.234912,-118.153729
La Crescenta — 91214,La Crescenta,91214,34.239636,-118.245259
La Grange — 95329,La Grange,95329,37.666587,-120.411517
La Habra — 90631,La Habra,90631,33.940619,-117.9513
La Honda — 94020,La Honda,94020,37.285677,-122.224165
La Jolla — 92037,La Jolla,92037,32.853743,-117.25034
La Mesa — 91941,La Mesa,91941,32.759327,-116.99726
La Mesa — 91942,La Mesa,91942,32.782501,-117.01611
La Mirada — 90638,La Mirada,90638,33.902045,-118.008961
La Palma — 90623,La Palma,90623,33.850504,-118.039892
La Puente — 91744,La Puente,91744,34.031441,-117.936436
La Puente — 91746,La Puente,91746,34.038983,-117.991372
La Quinta — 92253,La Quinta,92253,33.695532,-116.310571
La Verne — 91750,La Verne,91750,34.144703,-117.770299
Ladera Ranch — 92694,Ladera Ranch,92694,33.569186,-117.640055
Lafayette — 94549,Lafayette,94549,37.907777,-122.127161
Laguna Beach — 92651,Laguna Beach,92651,33.570023,-117.773669
Laguna Hills — 92653,Laguna Hills,92653,33.606899,-117.717854
Laguna Niguel — 92677,Laguna Niguel,92677,33.529047,-117.701175
Lagunitas — 94938,Lagunitas,94938,38.021772,-122.691744
Lake Arrowhead — 92352,Lake Arrowhead,92352,34.2565,-117.19335
Lake City — 96115,Lake City,96115,41.729079,-120.225025
Lake Elsinore — 92530,Lake Elsinore,92530,33.655421,-117.391751
Lake Elsinore — 92532,Lake Elsinore,92532,33.705836,-117.318204
Lake Forest — 92630,Lake Forest,92630,33.644849,-117.684254
Lake Hughes — 93532,Lake Hughes,93532,34.659579,-118.584212
Lake Isabella — 93240,Lake Isabella,93240,35.607875,-118.466318
Lakehead — 96051,Lakehead,96051,40.883853,-122.418258
Lakeport — 95453,Lakeport,95453,39.080469,-122.955176
Lakeshore — 93634,Lakeshore,93634,37.290606,-119.216328
Lakeside — 92040,Lakeside,92040,32.909873,-116.906774
Lakewood — 90712,Lakewood,90712,33.840524,-118.148403
Lakewood — 90713,Lakewood,90713,33.847755,-118.112532
Lakewood — 90715,Lakewood,90715,33.841027,-118.078097
Lamont — 93241,Lamont,93241,35.245035,-118.905553
Lancaster — 93534,Lancaster,93534,34.727529,-118.153098
Lancaster — 93535,Lancaster,93535,34.712708,-117.889656
Lancaster — 93536,Lancaster,93536,34.741406,-118.38111
Landers — 92285,Landers,92285,34.341737,-116.539416
Larkspur — 94939,Larkspur,94939,37.937082,-122.532369
Lathrop — 95330,Lathrop,95330,37.80821,-121.308401
Laton — 93242,Laton,93242,36.444232,-119.718285
Lawndale — 90260,Lawndale,90260,33.88856,-118.351813
Laytonville — 95454,Laytonville,95454,39.806141,-123.531098
Le Grand — 95333,Le Grand,95333,37.249377,-120.249581
Lebec — 93243,Lebec,93243,34.845861,-118.885163
Lee Vining — 93541,Lee Vining,93541,37.890145,-119.184087
Leggett — 95585,Leggett,95585,39.873371,-123.741474
Lemon Cove — 93244,Lemon Cove,93244,36.462671,-118.997291
Lemon Grove — 91945,Lemon Grove,91945,32.733564,-117.033713
Lemoore — 93245,Lemoore,93245,36.303666,-119.825657
Lewiston — 96052,Lewiston,96052,40.704293,-122.803899
Likely — 96116,Likely,96116,41.266008,-120.490731
Lincoln — 95648,Lincoln,95648,38.922812,-121.312005
Linden — 95236,Linden,95236,38.047746,-121.030499
Lindsay — 93247,Lindsay,93247,36.205465,-119.085807
Litchfield — 96117,Litchfield,96117,40.507272,-120.338228
Little River — 95456,Little River,95456,39.245911,-123.77214
Littlerock — 93543,Littlerock,93543,34.505273,-117.955054
Live Oak — 95953,Live Oak,95953,39.258746,-121.77697
Livermore — 94550,Livermore,94550,37.571748,-121.659562
Livingston — 95334,Livingston,95334,37.361987,-120.748394
Llano — 93544,Llano,93544,34.500091,-117.765862
Lockeford — 95237,Lockeford,95237,38.166791,-121.14207
Lockwood — 93932,Lockwood,93932,35.989792,-121.055933
Lodi — 95240,Lodi,95240,38.123544,-121.159078
Lodi — 95242,Lodi,95242,38.128087,-121.4078
Loleta — 95551,Loleta,95551,40.665952,-124.240051
Loma Linda — 92354,Loma Linda,92354,34.049315,-117.255974
Loma Mar — 94021,Loma Mar,94021,37.266388,-122.26308
Lomita — 90717,Lomita,90717,33.794209,-118.317354
Lompoc — 93436,Lompoc,93436,34.601055,-120.382917
Lompoc — 93437,Lompoc,93437,34.757477,-120.550507
Lone Pine — 93545,Lone Pine,93545,36.590415,-118.073839
Long Barn — 95335,Long Barn,95335,38.109125,-120.078597
Long Beach — 90802,Long Beach,90802,33.752524,-118.210737
Long Beach — 90803,Long Beach,90803,33.760458,-118.129725
Long Beach — 90804,Long Beach,90804,33.783047,-118.1486
Long Beach — 90805,Long Beach,90805,33.864622,-118.179626
Long Beach — 90806,Long Beach,90806,33.802664,-118.179971
Long Beach — 90807,Long Beach,90807,33.830099,-118.182239
Long Beach — 90808,Long Beach,90808,33.823943,-118.111335
Long Beach — 90810,Long Beach,90810,33.819814,-118.222416
Long Beach — 90813,Long Beach,90813,33.781086,-118.199049
Long Beach — 90814,Long Beach,90814,33.771612,-118.143866
Long Beach — 90815,Long Beach,90815,33.797638,-118.11662
Long Beach — 90822,Long Beach,90822,33.778436,-118.118648
Lookout — 96054,Lookout,96054,41.280478,-121.160249
Loomis — 95650,Loomis,95650,38.809175,-121.171375
Los Alamitos — 90720,Los Alamitos,90720,33.79499,-118.065591
Los Alamos — 93440,Los Alamos,93440,34.758699,-120.275839
Los Altos — 94022,Los Altos,94022,37.349546,-122.134356
Los Altos — 94024,Los Altos,94024,37.352911,-122.093002
Los Angeles — 90001,Los Angeles,90001,33.973616,-118.24902
Los Angeles — 90002,Los Angeles,90002,33.949255,-118.246978
Los Angeles — 90003,Los Angeles,90003,33.964131,-118.272783
Los Angeles — 90004,Los Angeles,90004,34.076259,-118.310715
Los Angeles — 90005,Los Angeles,90005,34.059281,-118.30742
Los Angeles — 90006,Los Angeles,90006,34.048013,-118.293953
Los Angeles — 90007,Los Angeles,90007,34.027337,-118.28515
Los Angeles — 90008,Los Angeles,90008,34.008293,-118.346766
Los Angeles — 90010,Los Angeles,90010,34.062125,-118.315709
Los Angeles — 90011,Los Angeles,90011,34.00709,-118.258681
Los Angeles — 90012,Los Angeles,90012,34.065875,-118.238728
Los Angeles — 90013,Los Angeles,90013,34.044639,-118.240413
Los Angeles — 90014,Los Angeles,90014,34.043144,-118.251977
Los Angeles — 90015,Los Angeles,90015,34.039224,-118.266293
Los Angeles — 90016,Los Angeles,90016,34.028331,-118.354338
Los Angeles — 90017,Los Angeles,90017,34.052842,-118.264495
Los Angeles — 90018,Los Angeles,90018,34.028735,-118.317236
Los Angeles — 90019,Los Angeles,90019,34.049841,-118.33846
Los Angeles — 90020,Los Angeles,90020,34.066367,-118.309868
Los Angeles — 90021,Los Angeles,90021,34.029043,-118.239504
Los Angeles — 90022,Los Angeles,90022,34.02381,-118.156582
Los Angeles — 90023,Los Angeles,90023,34.017697,-118.200577
Los Angeles — 90024,Los Angeles,90024,34.066303,-118.435479
Los Angeles — 90025,Los Angeles,90025,34.046174,-118.446333
Los Angeles — 90026,Los Angeles,90026,34.078991,-118.263804
Los Angeles — 90027,Los Angeles,90027,34.127194,-118.295647
Los Angeles — 90028,Los Angeles,90028,34.099869,-118.326843
Los Angeles — 90029,Los Angeles,90029,34.089953,-118.294824
Los Angeles — 90031,Los Angeles,90031,34.085807,-118.206617
Los Angeles — 90032,Los Angeles,90032,34.078821,-118.177576
Los Angeles — 90033,Los Angeles,90033,34.050198,-118.210946
Los Angeles — 90034,Los Angeles,90034,34.030578,-118.399613
Los Angeles — 90035,Los Angeles,90035,34.051809,-118.383843
Los Angeles — 90036,Los Angeles,90036,34.070291,-118.349191
Los Angeles — 90037,Los Angeles,90037,34.002642,-118.287596
Los Angeles — 90038,Los Angeles,90038,34.088017,-118.327168
Los Angeles — 90039,Los Angeles,90039,34.110845,-118.259595
Los Angeles — 90040,Los Angeles,90040,33.994524,-118.149953
Los Angeles — 90041,Los Angeles,90041,34.137412,-118.207607
Los Angeles — 90042,Los Angeles,90042,34.11572,-118.192754
Los Angeles — 90043,Los Angeles,90043,33.988543,-118.334081
Los Angeles — 90044,Los Angeles,90044,33.952714,-118.292061
Los Angeles — 90045,Los Angeles,90045,33.954017,-118.402447
Los Angeles — 90046,Los Angeles,90046,34.108455,-118.362081
Los Angeles — 90047,Los Angeles,90047,33.958149,-118.308441
Los Angeles — 90048,Los Angeles,90048,34.072945,-118.37267
Los Angeles — 90049,Los Angeles,90049,34.091829,-118.491244
Los Angeles — 90056,Los Angeles,90056,33.987945,-118.370442
Los Angeles — 90057,Los Angeles,90057,34.061918,-118.277939
Los Angeles — 90058,Los Angeles,90058,34.001617,-118.222274
Los Angeles — 90059,Los Angeles,90059,33.927254,-118.249826
Los Angeles — 90061,Los Angeles,90061,33.92128,-118.274186
Los Angeles — 90062,Los Angeles,90062,34.003553,-118.308933
Los Angeles — 90063,Los Angeles,90063,34.044271,-118.185237
Los Angeles — 90064,Los Angeles,90064,34.037251,-118.423573
Los Angeles — 90065,Los Angeles,90065,34.108833,-118.229715
Los Angeles — 90066,Los Angeles,90066,34.002028,-118.430656
Los Angeles — 90067,Los Angeles,90067,34.057496,-118.413959
Los Angeles — 90068,Los Angeles,90068,34.137411,-118.328915
Los Angeles — 90071,Los Angeles,90071,34.052917,-118.255178
Los Angeles — 90077,Los Angeles,90077,34.102084,-118.451629
Los Banos — 93635,Los Banos,93635,36.995162,-120.955099
Los Gatos — 95030,Los Gatos,95030,37.222842,-121.988727
Los Gatos — 95032,Los Gatos,95032,37.233034,-121.947427
Los Gatos — 95033,Los Gatos,95033,37.160194,-121.945611
Los Molinos — 96055,Los Molinos,96055,40.059385,-122.091481
Los Olivos — 93441,Los Olivos,93441,34.70434,-120.02609
Los Osos — 93402,Los Osos,93402,35.279984,-120.824288
Lost Hills — 93249,Lost Hills,93249,35.637715,-119.893068
Lotus — 95651,Lotus,95651,38.815515,-120.916997
Lower Lake — 95457,Lower Lake,95457,38.925545,-122.549083
Loyalton — 96118,Loyalton,96118,39.637471,-120.226338
Lucerne — 95458,Lucerne,95458,39.141934,-122.770679
Lucerne Valley — 92356,Lucerne Valley,92356,34.508417,-116.856103
Ludlow — 92338,Ludlow,92338,34.702766,-116.093376
Lynwood — 90262,Lynwood,90262,33.923573,-118.200669
Lytle Creek — 92358,Lytle Creek,92358,34.238162,-117.534306
Macdoel — 96058,Macdoel,96058,41.769709,-121.92063
Mad River — 95552,Mad River,95552,40.390301,-123.412327
Madeline — 96119,Madeline,96119,41.042003,-120.506086
Madera — 93637,Madera,93637,36.902954,-120.194274
Madera — 93638,Madera,93638,37.004068,-119.930027
Madison — 95653,Madison,95653,38.674276,-121.961866
Magalia — 95954,Magalia,95954,39.933852,-121.584371
Malibu — 90263,Malibu,90263,34.037037,-118.705803
Malibu — 90265,Malibu,90265,34.074572,-118.831181
Mammoth Lakes — 93546,Mammoth Lakes,93546,37.550074,-118.837167
Manchester — 95459,Manchester,95459,38.966713,-123.586412
Manhattan Beach — 90266,Manhattan Beach,90266,33.889632,-118.39737
Manteca — 95336,Manteca,95336,37.830267,-121.201018
Manteca — 95337,Manteca,95337,37.750822,-121.238423
Manton — 96059,Manton,96059,40.426679,-121.850421
March Air Reserve Base — 92518,March Air Reserve Base,92518,33.888323,-117.277533
Maricopa — 93252,Maricopa,93252,34.737031,-119.460557
Marina — 93933,Marina,93933,36.689582,-121.758398
Marina Del Rey — 90292,Marina Del Rey,90292,33.977468,-118.445475
Mariposa — 95338,Mariposa,95338,37.526791,-119.99437
Markleeville — 96120,Markleeville,96120,38.735789,-119.85798
Marshall — 94940,Marshall,94940,38.129308,-122.834815
Martinez — 94553,Martinez,94553,38.014457,-122.115432
Marysville — 95901,Marysville,95901,39.19514,-121.503883
Mather — 95655,Mather,95655,38.549822,-121.266725
Maxwell — 95955,Maxwell,95955,39.281194,-122.226568
Maywood — 90270,Maywood,90270,33.988572,-118.186565
Mc Farland — 93250,Mc Farland,93250,35.666886,-119.186717
Mc Kittrick — 93251,Mc Kittrick,93251,35.38381,-119.730885
Mcarthur — 96056,Mcarthur,96056,41.10831,-121.360362
Mccloud — 96057,Mccloud,96057,41.251322,-122.105209
Mckinleyville — 95519,Mckinleyville,95519,40.965011,-124.015255
Meadow Valley — 95956,Meadow Valley,95956,39.937017,-121.058043
Meadow Vista — 95722,Meadow Vista,95722,39.003358,-121.022539
Mecca — 92254,Mecca,92254,33.543835,-115.993906
Mendocino — 95460,Mendocino,95460,39.305545,-123.743697
Mendota — 93640,Mendota,93640,36.687292,-120.437354
Menifee — 92584,Menifee,92584,33.653338,-117.178271
Menlo Park — 94025,Menlo Park,94025,37.449551,-122.183762
Mentone — 92359,Mentone,92359,34.103578,-117.04054
Merced — 95340,Merced,95340,37.255637,-120.493537
Merced — 95348,Merced,95348,37.40122,-120.514191
Meridian — 95957,Meridian,95957,39.068071,-121.832638
Mi Wuk Village — 95346,Mi Wuk Village,95346,38.121601,-120.133915
Middletown — 95461,Middletown,95461,38.787446,-122.58675
Midpines — 95345,Midpines,95345,37.581496,-119.972762
Midway City — 92655,Midway City,92655,33.744439,-117.98588
Milford — 96121,Milford,96121,40.181279,-120.392967
Mill Creek — 96061,Mill Creek,96061,40.331975,-121.460674
Mill Valley — 94941,Mill Valley,94941,37.901371,-122.572024
Millbrae — 94030,Millbrae,94030,37.601248,-122.403099
Millville — 96062,Millville,96062,40.531257,-122.148139
Milpitas — 95035,Milpitas,95035,37.441931,-121.878502
Mineral — 96063,Mineral,96063,40.408796,-121.579609
Mira Loma — 91752,Mira Loma,91752,33.999992,-117.535395
Miramonte — 93641,Miramonte,93641,36.696759,-119.024051
Miranda — 95553,Miranda,95553,40.210895,-123.86
Mission Hills — 91345,Mission Hills,91345,34.266389,-118.459744
Mission Viejo — 92691,Mission Viejo,92691,33.611945,-117.665867
Mission Viejo — 92692,Mission Viejo,92692,33.60693,-117.644253
Modesto — 95350,Modesto,95350,37.671806,-121.007575
Modesto — 95351,Modesto,95351,37.621458,-121.012295
Modesto — 95354,Modesto,95354,37.639029,-120.964772
Modesto — 95355,Modesto,95355,37.672906,-120.946594
Modesto — 95356,Modesto,95356,37.716186,-121.025836
Modesto — 95357,Modesto,95357,37.670526,-120.877572
Modesto — 95358,Modesto,95358,37.612612,-121.108568
Mojave — 93501,Mojave,93501,35.097323,-118.171288
Mokelumne Hill — 95245,Mokelumne Hill,95245,38.304194,-120.592431
Monrovia — 91016,Monrovia,91016,34.1528,-118.000482
Montague — 96064,Montague,96064,41.759864,-122.379175
Montara — 94037,Montara,94037,37.540582,-122.509594
Montclair — 91763,Montclair,91763,34.072121,-117.698319
Monte Rio — 95462,Monte Rio,95462,38.471049,-123.015549
Montebello — 90640,Montebello,90640,34.015217,-118.109962
Monterey — 93940,Monterey,93940,36.362741,-121.869685
Monterey Park — 91754,Monterey Park,91754,34.050322,-118.147037
Monterey Park — 91755,Monterey Park,91755,34.049172,-118.115022
Montgomery Creek — 96065,Montgomery Creek,96065,40.877552,-121.885884
Montrose — 91020,Montrose,91020,34.2112,-118.230625
Moorpark — 93021,Moorpark,93021,34.312945,-118.858169
Moraga — 94556,Moraga,94556,37.827946,-122.107185
Moreno Valley — 92551,Moreno Valley,92551,33.88274,-117.224878
Moreno Valley — 92553,Moreno Valley,92553,33.923149,-117.244933
Moreno Valley — 92555,Moreno Valley,92555,33.907361,-117.109972
Moreno Valley — 92557,Moreno Valley,92557,33.970661,-117.255039
Morgan Hill — 95037,Morgan Hill,95037,37.161544,-121.649371
Morongo Valley — 92256,Morongo Valley,92256,34.097863,-116.594561
Morro Bay — 93442,Morro Bay,93442,35.369553,-120.763864
Moss Beach — 94038,Moss Beach,94038,37.515556,-122.502311
Moss Landing — 95039,Moss Landing,95039,36.863303,-121.781632
Mount Hamilton — 95140,Mount Hamilton,95140,37.382909,-121.634151
Mount Hermon — 95041,Mount Hermon,95041,37.051166,-122.056194
Mount Laguna — 91948,Mount Laguna,91948,32.830852,-116.444601
Mount Shasta — 96067,Mount Shasta,96067,41.33832,-122.290756
Mountain Center — 92561,Mountain Center,92561,33.638645,-116.55783
Mountain Ranch — 95246,Mountain Ranch,95246,38.264262,-120.515133
Mountain View — 94040,Mountain View,94040,37.380662,-122.086022
Mountain View — 94041,Mountain View,94041,37.388349,-122.075299
Mountain View — 94043,Mountain View,94043,37.419725,-122.062947
Mt Baldy — 91759,Mt Baldy,91759,34.231318,-117.662032
Murphys — 95247,Murphys,95247,38.147852,-120.440124
Murrieta — 92562,Murrieta,92562,33.548869,-117.334165
Murrieta — 92563,Murrieta,92563,33.581045,-117.14719
Myers Flat — 95554,Myers Flat,95554,40.267158,-123.805913
Napa — 94558,Napa,94558,38.489789,-122.27011
Napa — 94559,Napa,94559,38.232389,-122.324944
National City — 91950,National City,91950,32.67102,-117.095235
Navarro — 95463,Navarro,95463,39.182916,-123.552571
Needles — 92363,Needles,92363,34.711224,-114.702256
Nevada City — 95959,Nevada City,95959,39.333737,-120.858667
New Cuyama — 93254,New Cuyama,93254,34.956577,-119.750142
Newark — 94560,Newark,94560,37.504133,-122.032347
Newberry Springs — 92365,Newberry Springs,92365,34.89326,-116.505958
Newbury Park — 91320,Newbury Park,91320,34.172071,-118.946262
Newcastle — 95658,Newcastle,95658,38.883224,-121.15918
Newhall — 91321,Newhall,91321,34.370378,-118.504118
Newman — 95360,Newman,95360,37.343846,-121.039391
Newport Beach — 92660,Newport Beach,92660,33.634626,-117.874882
Newport Beach — 92661,Newport Beach,92661,33.601309,-117.902304
Newport Beach — 92662,Newport Beach,92662,33.606336,-117.893042
Newport Beach — 92663,Newport Beach,92663,33.62251,-117.927024
Newport Coast — 92657,Newport Coast,92657,33.603282,-117.821841
Nicasio — 94946,Nicasio,94946,38.065359,-122.665566
Nice — 95464,Nice,95464,39.12334,-122.838198
Nicolaus — 95659,Nicolaus,95659,38.788898,-121.608624
Niland — 92257,Niland,92257,33.345825,-115.596574
Nipomo — 93444,Nipomo,93444,35.050345,-120.489599
Nipton — 92364,Nipton,92364,35.478736,-115.516984
Norco — 92860,Norco,92860,33.925833,-117.559639
North Fork — 93643,North Fork,93643,37.244307,-119.470256
North Highlands — 95660,North Highlands,95660,38.671295,-121.388251
North Hills — 91343,North Hills,91343,34.238802,-118.482296
North Hollywood — 91601,North Hollywood,91601,34.1692,-118.372498
North Hollywood — 91602,North Hollywood,91602,34.15136,-118.364786
North Hollywood — 91605,North Hollywood,91605,34.207295,-118.400022
North Hollywood — 91606,North Hollywood,91606,34.187599,-118.387125
North Palm Springs — 92258,North Palm Springs,92258,33.906496,-116.569499
North San Juan — 95960,North San Juan,95960,39.423046,-120.984472
Northridge — 91324,Northridge,91324,34.238208,-118.55029
Northridge — 91325,Northridge,91325,34.236683,-118.517588
Norwalk — 90650,Norwalk,90650,33.905963,-118.08263
Novato — 94945,Novato,94945,38.135897,-122.563683
Novato — 94947,Novato,94947,38.112166,-122.634384
Novato — 94949,Novato,94949,38.067204,-122.524004
Nubieber — 96068,Nubieber,96068,41.082472,-121.195215
Nuevo — 92567,Nuevo,92567,33.82769,-117.102244
O Neals — 93645,O Neals,93645,37.140104,-119.657092
Oak Park — 91377,Oak Park,91377,34.19225,-118.776874
Oak Run — 96069,Oak Run,96069,40.689243,-122.037023
Oak View — 93022,Oak View,93022,34.404544,-119.302118
Oakdale — 95361,Oakdale,95361,37.785033,-120.776141
Oakhurst — 93644,Oakhurst,93644,37.648647,-119.231447
Oakland — 94601,Oakland,94601,37.776523,-122.219268
Oakland — 94602,Oakland,94602,37.803883,-122.208417
Oakland — 94603,Oakland,94603,37.739113,-122.175602
Oakland — 94605,Oakland,94605,37.758019,-122.138678
Oakland — 94606,Oakland,94606,37.792489,-122.244314
Oakland — 94607,Oakland,94607,37.80707,-122.297401
Oakland — 94609,Oakland,94609,37.834341,-122.26437
Oakland — 94610,Oakland,94610,37.808731,-122.238708
Oakland — 94611,Oakland,94611,37.828416,-122.216005
Oakland — 94612,Oakland,94612,37.809014,-122.269739
Oakland — 94618,Oakland,94618,37.84551,-122.235181
Oakland — 94619,Oakland,94619,37.787186,-122.14633
Oakland — 94621,Oakland,94621,37.750553,-122.197175
Oakley — 94561,Oakley,94561,37.999406,-121.686241
Occidental — 95465,Occidental,95465,38.415003,-122.998726
Oceano — 93445,Oceano,93445,35.059695,-120.604741
Oceanside — 92054,Oceanside,92054,33.351059,-117.420557
Oceanside — 92056,Oceanside,92056,33.194742,-117.29032
Oceanside — 92057,Oceanside,92057,33.254497,-117.285879
Ocotillo — 92259,Ocotillo,92259,32.698964,-115.886656
Ojai — 93023,Ojai,93023,34.581308,-118.931948
Olancha — 93549,Olancha,93549,36.296851,-117.865469
Old Station — 96071,Old Station,96071,40.656287,-121.428965
Olema — 94950,Olema,94950,38.052209,-122.775567
Olivehurst — 95961,Olivehurst,95961,39.082568,-121.55325
Olympic Valley — 96146,Olympic Valley,96146,39.191797,-120.212401
Ontario — 91761,Ontario,91761,34.035602,-117.591528
Ontario — 91762,Ontario,91762,34.057256,-117.667677
Ontario — 91764,Ontario,91764,34.074087,-117.605618
Onyx — 93255,Onyx,93255,35.676978,-118.101378
Orange — 92865,Orange,92865,33.828779,-117.848299
Orange — 92866,Orange,92866,33.784597,-117.844535
Orange — 92867,Orange,92867,33.81859,-117.821288
Orange — 92868,Orange,92868,33.787796,-117.875928
Orange — 92869,Orange,92869,33.792791,-117.789749
Orange Cove — 93646,Orange Cove,93646,36.633498,-119.298895
Orangevale — 95662,Orangevale,95662,38.689174,-121.218435
Oregon House — 95962,Oregon House,95962,39.342587,-121.249833
Orick — 95555,Orick,95555,41.336354,-124.044354
Orinda — 94563,Orinda,94563,37.873916,-122.20522
Orland — 95963,Orland,95963,39.748037,-122.302169
Orleans — 95556,Orleans,95556,41.269521,-123.546958
Oro Grande — 92368,Oro Grande,92368,34.647959,-117.296957
Orosi — 93647,Orosi,93647,36.600185,-119.175655
Oroville — 95965,Oroville,95965,39.624561,-121.552866
Oroville — 95966,Oroville,95966,39.473896,-121.415927
Oxnard — 93030,Oxnard,93030,34.223244,-119.18012
Oxnard — 93033,Oxnard,93033,34.156629,-119.117218
Oxnard — 93035,Oxnard,93035,34.18454,-119.224666
Pacific Grove — 93950,Pacific Grove,93950,36.618337,-121.926417
Pacific Palisades — 90272,Pacific Palisades,90272,34.079449,-118.548306
Pacifica — 94044,Pacifica,94044,37.573633,-122.455167
Pacoima — 91331,Pacoima,91331,34.255442,-118.421314
Paicines — 95043,Paicines,95043,36.525703,-120.952122
Pala — 92059,Pala,92059,33.384345,-117.072619
Palermo — 95968,Palermo,95968,39.435756,-121.552071
Palm Desert — 92211,Palm Desert,92211,33.762759,-116.324817
Palm Desert — 92260,Palm Desert,92260,33.694501,-116.412711
Palm Springs — 92262,Palm Springs,92262,33.839989,-116.659215
Palm Springs — 92264,Palm Springs,92264,33.745746,-116.514215
Palmdale — 93550,Palmdale,93550,34.536232,-118.082935
Palmdale — 93551,Palmdale,93551,34.613476,-118.256358
Palmdale — 93552,Palmdale,93552,34.557711,-118.029441
Palmdale — 93591,Palmdale,93591,34.598221,-117.79593
Palo Alto — 94301,Palo Alto,94301,37.444314,-122.149996
Palo Alto — 94303,Palo Alto,94303,37.45809,-122.115398
Palo Alto — 94304,Palo Alto,94304,37.386978,-122.177746
Palo Alto — 94306,Palo Alto,94306,37.416159,-122.131337
Palo Cedro — 96073,Palo Cedro,96073,40.582399,-122.195512
Palo Verde — 92266,Palo Verde,92266,33.3249,-114.758334
Palomar Mountain — 92060,Palomar Mountain,92060,33.309852,-116.823091
Palos Verdes Peninsula — 90274,Palos Verdes Peninsula,90274,33.788208,-118.404955
Panorama City — 91402,Panorama City,91402,34.223768,-118.445461
Paradise — 95969,Paradise,95969,39.69676,-121.644379
Paramount — 90723,Paramount,90723,33.897122,-118.164432
Parker Dam — 92267,Parker Dam,92267,34.273872,-114.192901
Parlier — 93648,Parlier,93648,36.622237,-119.521126
Pasadena — 91101,Pasadena,91101,34.146635,-118.139225
Pasadena — 91103,Pasadena,91103,34.167465,-118.165327
Pasadena — 91104,Pasadena,91104,34.165383,-118.123752
Pasadena — 91105,Pasadena,91105,34.13946,-118.166649
Pasadena — 91106,Pasadena,91106,34.139402,-118.128658
Pasadena — 91107,Pasadena,91107,34.159007,-118.087353
Paskenta — 96074,Paskenta,96074,39.884395,-122.587513
Paso Robles — 93446,Paso Robles,93446,35.634222,-120.728341
Patterson — 95363,Patterson,95363,37.410236,-121.320337
Pauma Valley — 92061,Pauma Valley,92061,33.313828,-116.940501
Paynes Creek — 96075,Paynes Creek,96075,40.343213,-121.815412
Pearblossom — 93553,Pearblossom,93553,34.445239,-117.894868
Pebble Beach — 93953,Pebble Beach,93953,36.587497,-121.944815
Penn Valley — 95946,Penn Valley,95946,39.203817,-121.19584
Penngrove — 94951,Penngrove,94951,38.325599,-122.642352
Penryn — 95663,Penryn,95663,38.859093,-121.182872
Perris — 92570,Perris,92570,33.787298,-117.320676
Perris — 92571,Perris,92571,33.828289,-117.201666
Pescadero — 94060,Pescadero,94060,37.22565,-122.297533
Petaluma — 94952,Petaluma,94952,38.237018,-122.77872
Petaluma — 94954,Petaluma,94954,38.235021,-122.557332
Petrolia — 95558,Petrolia,95558,40.274302,-124.210902
Phelan — 92371,Phelan,92371,34.441123,-117.537886
Phillipsville — 95559,Phillipsville,95559,40.184094,-123.745487
Philo — 95466,Philo,95466,39.094102,-123.500853
Pico Rivera — 90660,Pico Rivera,90660,33.989524,-118.089299
Piercy — 95587,Piercy,95587,39.955587,-123.681175
Pilot Hill — 95664,Pilot Hill,95664,38.803731,-121.043799
Pine Grove — 95665,Pine Grove,95665,38.400264,-120.641274
Pine Valley — 91962,Pine Valley,91962,32.800671,-116.483363
Pinecrest — 95364,Pinecrest,95364,38.224869,-119.755729
Pinole — 94564,Pinole,94564,37.996462,-122.293716
Pinon Hills — 92372,Pinon Hills,92372,34.459322,-117.629729
Pioneer — 95666,Pioneer,95666,38.546999,-120.271114
Pioneertown — 92268,Pioneertown,92268,34.201108,-116.593456
Piru — 93040,Piru,93040,34.432843,-118.730106
Pismo Beach — 93449,Pismo Beach,93449,35.165668,-120.655842
Pittsburg — 94565,Pittsburg,94565,38.006047,-121.916834
Pixley — 93256,Pixley,93256,35.957019,-119.330928
Placentia — 92870,Placentia,92870,33.881158,-117.854783
Placerville — 95667,Placerville,95667,38.733714,-120.795213
Planada — 95365,Planada,95365,37.329725,-120.306399
Platina — 96076,Platina,96076,40.367964,-122.937379
Playa Del Rey — 90293,Playa Del Rey,90293,33.947305,-118.439841
Pleasant Grove — 95668,Pleasant Grove,95668,38.833554,-121.498102
Pleasant Hill — 94523,Pleasant Hill,94523,37.95338,-122.076886
Pleasanton — 94566,Pleasanton,94566,37.633361,-121.862395
Pleasanton — 94588,Pleasanton,94588,37.685052,-121.912061
Plymouth — 95669,Plymouth,95669,38.489273,-120.891614
Point Arena — 95468,Point Arena,95468,38.911299,-123.609588
Point Reyes Station — 94956,Point Reyes Station,94956,38.060264,-122.830646
Pollock Pines — 95726,Pollock Pines,95726,38.733908,-120.453416
Pomona — 91766,Pomona,91766,34.042286,-117.756106
Pomona — 91767,Pomona,91767,34.083086,-117.737997
Pomona — 91768,Pomona,91768,34.067932,-117.785168
Pope Valley — 94567,Pope Valley,94567,38.672708,-122.403219
Port Costa — 94569,Port Costa,94569,38.035707,-122.196821
Port Hueneme — 93041,Port Hueneme,93041,34.110124,-119.100972
Porter Ranch — 91326,Porter Ranch,91326,34.281911,-118.556218
Porterville — 93257,Porterville,93257,36.008958,-118.891593
Portola — 96122,Portola,96122,39.786755,-120.445626
Portola Valley — 94028,Portola Valley,94028,37.369709,-122.215844
Posey — 93260,Posey,93260,35.861928,-118.636698
Potrero — 91963,Potrero,91963,32.619465,-116.593605
Potter Valley — 95469,Potter Valley,95469,39.408634,-123.045516
Poway — 92064,Poway,92064,32.984395,-117.013454
Prather — 93651,Prather,93651,37.007238,-119.505661
Princeton — 95970,Princeton,95970,39.424957,-122.039307
Quincy — 95971,Quincy,95971,39.971228,-121.041166
Raisin City — 93652,Raisin City,93652,36.594542,-119.905245
Ramona — 92065,Ramona,92065,33.044541,-116.833922
Ranchita — 92066,Ranchita,92066,33.215251,-116.53633
Rancho Cordova — 95670,Rancho Cordova,95670,38.602723,-121.279913
Rancho Cordova — 95742,Rancho Cordova,95742,38.591134,-121.161585
Rancho Cucamonga — 91701,Rancho Cucamonga,91701,34.132275,-117.611478
Rancho Cucamonga — 91730,Rancho Cucamonga,91730,34.10097,-117.57882
Rancho Cucamonga — 91737,Rancho Cucamonga,91737,34.245289,-117.642503
Rancho Cucamonga — 91739,Rancho Cucamonga,91739,34.133809,-117.523724
Rancho Mirage — 92270,Rancho Mirage,92270,33.763678,-116.429928
Rancho Palos Verdes — 90275,Rancho Palos Verdes,90275,33.753146,-118.367459
Rancho Santa Fe — 92067,Rancho Santa Fe,92067,33.012751,-117.200617
Rancho Santa Fe — 92091,Rancho Santa Fe,92091,32.99356,-117.207121
Rancho Santa Margarita — 92688,Rancho Santa Margarita,92688,33.624654,-117.611733
Randsburg — 93554,Randsburg,93554,35.405722,-117.773354
Ravendale — 96123,Ravendale,96123,40.845738,-120.322219
Raymond — 93653,Raymond,93653,37.252057,-119.95783
Red Bluff — 96080,Red Bluff,96080,40.186772,-122.388361
Redcrest — 95569,Redcrest,95569,40.363446,-123.835041
Redding — 96001,Redding,96001,40.587919,-122.464732
Redding — 96002,Redding,96002,40.527834,-122.318749
Redding — 96003,Redding,96003,40.677649,-122.29467
Redlands — 92373,Redlands,92373,34.003243,-117.138286
Redlands — 92374,Redlands,92374,34.064073,-117.166158
Redondo Beach — 90277,Redondo Beach,90277,33.830453,-118.384565
Redondo Beach — 90278,Redondo Beach,90278,33.873395,-118.37019
Redway — 95560,Redway,95560,40.142256,-123.852927
Redwood City — 94061,Redwood City,94061,37.461251,-122.235414
Redwood City — 94062,Redwood City,94062,37.410567,-122.297152
Redwood City — 94063,Redwood City,94063,37.499411,-122.196318
Redwood City — 94065,Redwood City,94065,37.527497,-122.230941
Redwood Valley — 95470,Redwood Valley,95470,39.298065,-123.25211
Reedley — 93654,Reedley,93654,36.636638,-119.421842
Rescue — 95672,Rescue,95672,38.724322,-120.991237
Reseda — 91335,Reseda,91335,34.200175,-118.540958
Rialto — 92376,Rialto,92376,34.109775,-117.378904
Rialto — 92377,Rialto,92377,34.156758,-117.404686
Richgrove — 93261,Richgrove,93261,35.809921,-119.127437
Richmond — 94801,Richmond,94801,37.945288,-122.383941
Richmond — 94804,Richmond,94804,37.921034,-122.341798
Richmond — 94805,Richmond,94805,37.941456,-122.320968
Richvale — 95974,Richvale,95974,39.495768,-121.747472
Ridgecrest — 93555,Ridgecrest,93555,35.603913,-117.67828
Rio Dell — 95562,Rio Dell,95562,40.485849,-124.163234
Rio Linda — 95673,Rio Linda,95673,38.688764,-121.457596
Rio Nido — 95471,Rio Nido,95471,38.522328,-122.97932
Rio Oso — 95674,Rio Oso,95674,38.954144,-121.482536
Rio Vista — 94571,Rio Vista,94571,38.148862,-121.737696
Ripon — 95366,Ripon,95366,37.750778,-121.13238
River Pines — 95675,River Pines,95675,38.545775,-120.743325
Riverbank — 95367,Riverbank,95367,37.734971,-120.954271
Riverdale — 93656,Riverdale,93656,36.452211,-119.94575
Riverside — 92501,Riverside,92501,33.994676,-117.372498
Riverside — 92503,Riverside,92503,33.890046,-117.455583
Riverside — 92504,Riverside,92504,33.9108,-117.398153
Riverside — 92505,Riverside,92505,33.920907,-117.489426
Riverside — 92506,Riverside,92506,33.930931,-117.361788
Riverside — 92507,Riverside,92507,33.976328,-117.319786
Riverside — 92508,Riverside,92508,33.885499,-117.324959
Riverside — 92509,Riverside,92509,34.004379,-117.447864
Rocklin — 95677,Rocklin,95677,38.7904,-121.236973
Rocklin — 95765,Rocklin,95765,38.823278,-121.281856
Rodeo — 94572,Rodeo,94572,38.027218,-122.23463
Rohnert Park — 94928,Rohnert Park,94928,38.34719,-122.697822
Rosamond — 93560,Rosamond,93560,34.903052,-118.411251
Rosemead — 91770,Rosemead,91770,34.065108,-118.082791
Roseville — 95661,Roseville,95661,38.736685,-121.251984
Roseville — 95678,Roseville,95678,38.759751,-121.288545
Roseville — 95747,Roseville,95747,38.784329,-121.373245
Rough And Ready — 95975,Rough And Ready,95975,39.225634,-121.156163
Round Mountain — 96084,Round Mountain,96084,40.923558,-122.059933
Rowland Heights — 91748,Rowland Heights,91748,33.976753,-117.897367
Running Springs — 92382,Running Springs,92382,34.186211,-117.07683
Sacramento — 95814,Sacramento,95814,38.584505,-121.491956
Sacramento — 95815,Sacramento,95815,38.608405,-121.449942
Sacramento — 95816,Sacramento,95816,38.574856,-121.46504
Sacramento — 95817,Sacramento,95817,38.550722,-121.457314
Sacramento — 95818,Sacramento,95818,38.556306,-121.495817
Sacramento — 95819,Sacramento,95819,38.567594,-121.437507
Sacramento — 95820,Sacramento,95820,38.53508,-121.444144
Sacramento — 95821,Sacramento,95821,38.625096,-121.383658
Sacramento — 95822,Sacramento,95822,38.512569,-121.495184
Sacramento — 95823,Sacramento,95823,38.475465,-121.443625
Sacramento — 95824,Sacramento,95824,38.517295,-121.439819
Sacramento — 95825,Sacramento,95825,38.590035,-121.412455
Sacramento — 95826,Sacramento,95826,38.542532,-121.378826
Sacramento — 95827,Sacramento,95827,38.549185,-121.328386
Sacramento — 95828,Sacramento,95828,38.486938,-121.395805
Sacramento — 95829,Sacramento,95829,38.486502,-121.334051
Sacramento — 95830,Sacramento,95830,38.490508,-121.284171
Sacramento — 95831,Sacramento,95831,38.494832,-121.529447
Sacramento — 95832,Sacramento,95832,38.445939,-121.496855
Sacramento — 95833,Sacramento,95833,38.619049,-121.517552
Sacramento — 95834,Sacramento,95834,38.646209,-121.52446
Sacramento — 95835,Sacramento,95835,38.685069,-121.543709
Sacramento — 95837,Sacramento,95837,38.691607,-121.602284
Sacramento — 95838,Sacramento,95838,38.646096,-121.442433
Sacramento — 95841,Sacramento,95841,38.660442,-121.346321
Sacramento — 95842,Sacramento,95842,38.687367,-121.34848
Sacramento — 95864,Sacramento,95864,38.585826,-121.376263
Saint Helena — 94574,Saint Helena,94574,38.581354,-122.296283
Salida — 95368,Salida,95368,37.713152,-121.08739
Salinas — 93901,Salinas,93901,36.64152,-121.622188
Salinas — 93905,Salinas,93905,36.667794,-121.601306
Salinas — 93906,Salinas,93906,36.722898,-121.633648
Salinas — 93907,Salinas,93907,36.77462,-121.664714
Salinas — 93908,Salinas,93908,36.624338,-121.615669
Salton City — 92275,Salton City,92275,33.28156,-115.955541
Salyer — 95563,Salyer,95563,40.89866,-123.539754
Samoa — 95564,Samoa,95564,40.809636,-124.189977
San Andreas — 95249,San Andreas,95249,38.196497,-120.61689
San Anselmo — 94960,San Anselmo,94960,37.99272,-122.575026
San Ardo — 93450,San Ardo,93450,35.996008,-120.85305
San Bernardino — 92401,San Bernardino,92401,34.105935,-117.2914
San Bernardino — 92404,San Bernardino,92404,34.183286,-117.221722
San Bernardino — 92405,San Bernardino,92405,34.142747,-117.300864
San Bernardino — 92407,San Bernardino,92407,34.250069,-117.393949
San Bernardino — 92408,San Bernardino,92408,34.084909,-117.258107
San Bernardino — 92410,San Bernardino,92410,34.106922,-117.297553
San Bernardino — 92411,San Bernardino,92411,34.122501,-117.320138
San Bruno — 94066,San Bruno,94066,37.624436,-122.430661
San Carlos — 94070,San Carlos,94070,37.497915,-122.267361
San Clemente — 92672,San Clemente,92672,33.429488,-117.609432
San Clemente — 92673,San Clemente,92673,33.4725,-117.584273
San Diego — 92101,San Diego,92101,32.72523,-117.171346
San Diego — 92102,San Diego,92102,32.716007,-117.117462
San Diego — 92103,San Diego,92103,32.747484,-117.166877
San Diego — 92104,San Diego,92104,32.741499,-117.127409
San Diego — 92105,San Diego,92105,32.741859,-117.090353
San Diego — 92106,San Diego,92106,32.71346,-117.236378
San Diego — 92107,San Diego,92107,32.741852,-117.243453
San Diego — 92108,San Diego,92108,32.774046,-117.142454
San Diego — 92109,San Diego,92109,32.787836,-117.232376
San Diego — 92110,San Diego,92110,32.76501,-117.19938
San Diego — 92111,San Diego,92111,32.805518,-117.169052
San Diego — 92113,San Diego,92113,32.697098,-117.116587
San Diego — 92114,San Diego,92114,32.707892,-117.05512
San Diego — 92115,San Diego,92115,32.762506,-117.07245
San Diego — 92116,San Diego,92116,32.765299,-117.122565
San Diego — 92117,San Diego,92117,32.825086,-117.199424
San Diego — 92119,San Diego,92119,32.802959,-117.027095
San Diego — 92120,San Diego,92120,32.807867,-117.060993
San Diego — 92121,San Diego,92121,32.898613,-117.202937
San Diego — 92122,San Diego,92122,32.85723,-117.209774
San Diego — 92123,San Diego,92123,32.808814,-117.134694
San Diego — 92124,San Diego,92124,32.827238,-117.089287
San Diego — 92126,San Diego,92126,32.886925,-117.152162
San Diego — 92127,San Diego,92127,33.017518,-117.118456
San Diego — 92128,San Diego,92128,33.000269,-117.072093
San Diego — 92129,San Diego,92129,32.961064,-117.134917
San Diego — 92130,San Diego,92130,32.957195,-117.202542
San Diego — 92131,San Diego,92131,32.89325,-117.087091
San Diego — 92139,San Diego,92139,32.677716,-117.047666
San Diego — 92154,San Diego,92154,32.578103,-117.012975
San Dimas — 91773,San Dimas,91773,34.102119,-117.815532
San Fernando — 91340,San Fernando,91340,34.286131,-118.435969
San Francisco — 94102,San Francisco,94102,37.7795,-122.419233
San Francisco — 94103,San Francisco,94103,37.773147,-122.411287
San Francisco — 94104,San Francisco,94104,37.791222,-122.402241
San Francisco — 94105,San Francisco,94105,37.789168,-122.395009
San Francisco — 94107,San Francisco,94107,37.768881,-122.395521
San Francisco — 94108,San Francisco,94108,37.791998,-122.408653
San Francisco — 94109,San Francisco,94109,37.794487,-122.42227
San Francisco — 94110,San Francisco,94110,37.750021,-122.415201
San Francisco — 94111,San Francisco,94111,37.801776,-122.402293
San Francisco — 94112,San Francisco,94112,37.720498,-122.443119
San Francisco — 94114,San Francisco,94114,37.758085,-122.434801
San Francisco — 94115,San Francisco,94115,37.786031,-122.437301
San Francisco — 94116,San Francisco,94116,37.74441,-122.486764
San Francisco — 94117,San Francisco,94117,37.770533,-122.445121
San Francisco — 94118,San Francisco,94118,37.781304,-122.461522
San Francisco — 94121,San Francisco,94121,37.776718,-122.495781
San Francisco — 94122,San Francisco,94122,37.760412,-122.484966
San Francisco — 94123,San Francisco,94123,37.800254,-122.436975
San Francisco — 94124,San Francisco,94124,37.731505,-122.384532
San Francisco — 94127,San Francisco,94127,37.736535,-122.45732
San Francisco — 94129,San Francisco,94129,37.797526,-122.464531
San Francisco — 94130,San Francisco,94130,37.820894,-122.369725
San Francisco — 94131,San Francisco,94131,37.746699,-122.442833
San Francisco — 94132,San Francisco,94132,37.722302,-122.491129
San Francisco — 94133,San Francisco,94133,37.802071,-122.411004
San Francisco — 94134,San Francisco,94134,37.721052,-122.413573
San Gabriel — 91775,San Gabriel,91775,34.114772,-118.089431
San Gabriel — 91776,San Gabriel,91776,34.089927,-118.095645
San Geronimo — 94963,San Geronimo,94963,38.00474,-122.663717
San Gregorio — 94074,San Gregorio,94074,37.331762,-122.341444
San Jacinto — 92582,San Jacinto,92582,33.806708,-117.02007
San Jacinto — 92583,San Jacinto,92583,33.796568,-116.924723
San Joaquin — 93660,San Joaquin,93660,36.600193,-120.153393
San Jose — 95110,San Jose,95110,37.34667,-121.910019
San Jose — 95111,San Jose,95111,37.284265,-121.827673
San Jose — 95112,San Jose,95112,37.343827,-121.883119
San Jose — 95113,San Jose,95113,37.333851,-121.891147
San Jose — 95116,San Jose,95116,37.350284,-121.852855
San Jose — 95117,San Jose,95117,37.311088,-121.961786
San Jose — 95118,San Jose,95118,37.255479,-121.889838
San Jose — 95119,San Jose,95119,37.233226,-121.78809
San Jose — 95120,San Jose,95120,37.186141,-121.843554
San Jose — 95121,San Jose,95121,37.304681,-121.809955
San Jose — 95122,San Jose,95122,37.32886,-121.834567
San Jose — 95123,San Jose,95123,37.238758,-121.828375
San Jose — 95124,San Jose,95124,37.257063,-121.923037
San Jose — 95125,San Jose,95125,37.294926,-121.894763
San Jose — 95126,San Jose,95126,37.327069,-121.916819
San Jose — 95127,San Jose,95127,37.375156,-121.795867
San Jose — 95128,San Jose,95128,37.316146,-121.936285
San Jose — 95129,San Jose,95129,37.305622,-122.000887
San Jose — 95130,San Jose,95130,37.277592,-121.986477
San Jose — 95131,San Jose,95131,37.387027,-121.897775
San Jose — 95132,San Jose,95132,37.424655,-121.74841
San Jose — 95133,San Jose,95133,37.371862,-121.860349
San Jose — 95134,San Jose,95134,37.42765,-121.945416
San Jose — 95135,San Jose,95135,37.28682,-121.723877
San Jose — 95136,San Jose,95136,37.270938,-121.851046
San Jose — 95138,San Jose,95138,37.246064,-121.749494
San Jose — 95139,San Jose,95139,37.218705,-121.762429
San Jose — 95148,San Jose,95148,37.339533,-121.777179
San Juan Bautista — 95045,San Juan Bautista,95045,36.810568,-121.503022
San Juan Capistrano — 92675,San Juan Capistrano,92675,33.521447,-117.602555
San Leandro — 94577,San Leandro,94577,37.717196,-122.159338
San Leandro — 94578,San Leandro,94578,37.704384,-122.126703
San Leandro — 94579,San Leandro,94579,37.687264,-122.15728
San Lorenzo — 94580,San Lorenzo,94580,37.676249,-122.132415
San Lucas — 93954,San Lucas,93954,36.125529,-120.864443
San Luis Obispo — 93401,San Luis Obispo,93401,35.233745,-120.626442
San Luis Obispo — 93405,San Luis Obispo,93405,35.236549,-120.727344
San Marcos — 92069,San Marcos,92069,33.162624,-117.170863
San Marcos — 92078,San Marcos,92078,33.119028,-117.166036
San Marino — 91108,San Marino,91108,34.122671,-118.112911
San Martin — 95046,San Martin,95046,37.084697,-121.606417
San Mateo — 94401,San Mateo,94401,37.590421,-122.306467
San Mateo — 94402,San Mateo,94402,37.556634,-122.317723
San Mateo — 94403,San Mateo,94403,37.538309,-122.305109
San Mateo — 94404,San Mateo,94404,37.556094,-122.272437
San Miguel — 93451,San Miguel,93451,35.886767,-120.608661
San Pablo — 94806,San Pablo,94806,37.980269,-122.342635
San Pedro — 90731,San Pedro,90731,33.736387,-118.284363
San Pedro — 90732,San Pedro,90732,33.744119,-118.31448
San Quentin — 94964,San Quentin,94964,37.942551,-122.491642
San Rafael — 94901,San Rafael,94901,37.972662,-122.491452
San Rafael — 94903,San Rafael,94903,38.018065,-122.546024
San Ramon — 94583,San Ramon,94583,37.766556,-121.976784
San Simeon — 93452,San Simeon,93452,35.746484,-121.223355
San Ysidro — 92173,San Ysidro,92173,32.555828,-117.040073
Sanger — 93657,Sanger,93657,36.819628,-119.440414
Santa Ana — 92701,Santa Ana,92701,33.748478,-117.858918
Santa Ana — 92703,Santa Ana,92703,33.748635,-117.906125
Santa Ana — 92704,Santa Ana,92704,33.719869,-117.907063
Santa Ana — 92705,Santa Ana,92705,33.766004,-117.786763
Santa Ana — 92706,Santa Ana,92706,33.765893,-117.881533
Santa Ana — 92707,Santa Ana,92707,33.714829,-117.872941
Santa Barbara — 93101,Santa Barbara,93101,34.419203,-119.710008
Santa Barbara — 93103,Santa Barbara,93103,34.438581,-119.685368
Santa Barbara — 93105,Santa Barbara,93105,34.037342,-119.80079
Santa Barbara — 93108,Santa Barbara,93108,34.457541,-119.631072
Santa Barbara — 93109,Santa Barbara,93109,34.406256,-119.726936
Santa Barbara — 93110,Santa Barbara,93110,34.437945,-119.77191
Santa Barbara — 93111,Santa Barbara,93111,34.460197,-119.802602
Santa Clara — 95050,Santa Clara,95050,37.351214,-121.952417
Santa Clara — 95051,Santa Clara,95051,37.348129,-121.98469
Santa Clara — 95054,Santa Clara,95054,37.393554,-121.965114
Santa Clarita — 91350,Santa Clarita,91350,34.502432,-118.41459
Santa Cruz — 95060,Santa Cruz,95060,36.993451,-122.098858
Santa Cruz — 95062,Santa Cruz,95062,36.974575,-121.991149
Santa Cruz — 95064,Santa Cruz,95064,37.007882,-122.065975
Santa Cruz — 95065,Santa Cruz,95065,37.031404,-121.981865
Santa Fe Springs — 90670,Santa Fe Springs,90670,33.933565,-118.062611
Santa Margarita — 93453,Santa Margarita,93453,35.303926,-120.256567
Santa Maria — 93454,Santa Maria,93454,34.943523,-120.256729
Santa Maria — 93455,Santa Maria,93455,34.818227,-120.418784
Santa Maria — 93458,Santa Maria,93458,34.95934,-120.490081
Santa Monica — 90401,Santa Monica,90401,34.015481,-118.493231
Santa Monica — 90402,Santa Monica,90402,34.035849,-118.503508
Santa Monica — 90403,Santa Monica,90403,34.031529,-118.491156
Santa Monica — 90404,Santa Monica,90404,34.026334,-118.474222
Santa Monica — 90405,Santa Monica,90405,34.005439,-118.477507
Santa Paula — 93060,Santa Paula,93060,34.402343,-119.094824
Santa Rosa — 95401,Santa Rosa,95401,38.460517,-122.790335
Santa Rosa — 95403,Santa Rosa,95403,38.488431,-122.752839
Santa Rosa — 95404,Santa Rosa,95404,38.526941,-122.709096
Santa Rosa — 95405,Santa Rosa,95405,38.439696,-122.668817
Santa Rosa — 95407,Santa Rosa,95407,38.394091,-122.739814
Santa Rosa — 95409,Santa Rosa,95409,38.468893,-122.580539
Santa Ynez — 93460,Santa Ynez,93460,34.630356,-120.032564
Santa Ysabel — 92070,Santa Ysabel,92070,33.174725,-116.743329
Santee — 92071,Santee,92071,32.847336,-116.997605
Saratoga — 95070,Saratoga,95070,37.257772,-122.051824
Sausalito — 94965,Sausalito,94965,37.848641,-122.515692
Scotia — 95565,Scotia,95565,40.440636,-124.098739
Scott Bar — 96085,Scott Bar,96085,41.737962,-123.07557
Scotts Valley — 95066,Scotts Valley,95066,37.070177,-122.010077
Seal Beach — 90740,Seal Beach,90740,33.75462,-118.071128
Seaside — 93955,Seaside,93955,36.625114,-121.823565
Sebastopol — 95472,Sebastopol,95472,38.398815,-122.861923
Seeley — 92273,Seeley,92273,32.790282,-115.689559
Seiad Valley — 96086,Seiad Valley,96086,41.924174,-123.260788
Selma — 93662,Selma,93662,36.545322,-119.642281
Sequoia National Park — 93262,Sequoia National Park,93262,36.527243,-118.594938
Shafter — 93263,Shafter,93263,35.490705,-119.286833
Shandon — 93461,Shandon,93461,35.634488,-120.293534
Shasta — 96087,Shasta,96087,40.617614,-122.512861
Shasta Lake — 96019,Shasta Lake,96019,40.692523,-122.369876
Shaver Lake — 93664,Shaver Lake,93664,37.223,-119.001021
Sheep Ranch — 95250,Sheep Ranch,95250,38.244806,-120.417301
Sheridan — 95681,Sheridan,95681,38.984756,-121.345074
Sherman Oaks — 91403,Sherman Oaks,91403,34.147149,-118.463365
Sherman Oaks — 91423,Sherman Oaks,91423,34.146957,-118.432138
Shingle Springs — 95682,Shingle Springs,95682,38.598936,-120.963092
Shingletown — 96088,Shingletown,96088,40.497441,-121.827524
Shoshone — 92384,Shoshone,92384,35.924252,-116.188668
Sierra City — 96125,Sierra City,96125,39.600599,-120.636358
Sierra Madre — 91024,Sierra Madre,91024,34.168686,-118.057505
Sierraville — 96126,Sierraville,96126,39.559709,-120.345639
Silverado — 92676,Silverado,92676,33.782346,-117.635263
Simi Valley — 93063,Simi Valley,93063,34.296813,-118.685703
Simi Valley — 93065,Simi Valley,93065,34.269449,-118.768471
Sloughhouse — 95683,Sloughhouse,95683,38.470423,-121.114897
Smartville — 95977,Smartville,95977,39.176595,-121.291692
Smith River — 95567,Smith River,95567,41.950683,-124.097094
Snelling — 95369,Snelling,95369,37.521708,-120.426843
Soda Springs — 95728,Soda Springs,95728,39.279068,-120.414275
Solana Beach — 92075,Solana Beach,92075,33.001813,-117.263628
Soledad — 93960,Soledad,93960,36.414216,-121.360597
Solvang — 93463,Solvang,93463,34.624399,-120.137875
Somerset — 95684,Somerset,95684,38.606703,-120.586659
Somes Bar — 95568,Somes Bar,95568,41.444606,-123.471895
Somis — 93066,Somis,93066,34.297628,-119.014627
Sonoma — 95476,Sonoma,95476,38.25485,-122.461799
Sonora — 95370,Sonora,95370,37.982716,-120.343732
Soquel — 95073,Soquel,95073,37.023669,-121.946461
Soulsbyville — 95372,Soulsbyville,95372,37.990574,-120.261821
South Dos Palos — 93665,South Dos Palos,93665,36.959731,-120.653519
South El Monte — 91733,South El Monte,91733,34.04622,-118.053753
South Gate — 90280,South Gate,90280,33.944624,-118.192615
South Lake Tahoe — 96150,South Lake Tahoe,96150,38.911577,-120.106169
South Pasadena — 91030,South Pasadena,91030,34.110444,-118.156957
South San Francisco — 94080,South San Francisco,94080,37.654436,-122.426468
Spreckels — 93962,Spreckels,93962,36.624641,-121.647195
Spring Valley — 91977,Spring Valley,91977,32.726627,-116.994608
Spring Valley — 91978,Spring Valley,91978,32.730264,-116.950963
Springville — 93265,Springville,93265,36.245926,-118.693138
Squaw Valley — 93675,Squaw Valley,93675,36.719141,-119.202677
Standish — 96128,Standish,96128,40.346634,-120.386422
Stanford — 94305,Stanford,94305,37.424342,-122.165641
Stanton — 90680,Stanton,90680,33.801869,-117.995068
Stevenson Ranch — 91381,Stevenson Ranch,91381,34.364153,-118.615583
Stevinson — 95374,Stevinson,95374,37.316807,-120.855753
Stinson Beach — 94970,Stinson Beach,94970,37.921137,-122.657562
Stirling City — 95978,Stirling City,95978,39.904002,-121.527823
Stockton — 95202,Stockton,95202,37.959706,-121.287669
Stockton — 95203,Stockton,95203,37.954089,-121.329761
Stockton — 95204,Stockton,95204,37.974498,-121.319568
Stockton — 95205,Stockton,95205,37.965695,-121.260051
Stockton — 95206,Stockton,95206,37.902422,-121.440029
Stockton — 95207,Stockton,95207,38.002125,-121.324979
Stockton — 95209,Stockton,95209,38.044523,-121.348048
Stockton — 95210,Stockton,95210,38.033219,-121.297433
Stockton — 95212,Stockton,95212,38.049457,-121.21653
Stockton — 95215,Stockton,95215,37.946282,-121.139499
Stockton — 95219,Stockton,95219,38.029729,-121.387999
Stonyford — 95979,Stonyford,95979,39.288127,-122.415841
Stratford — 93266,Stratford,93266,36.175255,-119.813805
Strathmore — 93267,Strathmore,93267,36.141319,-119.129075
Strawberry Valley — 95981,Strawberry Valley,95981,39.58458,-121.093256
Studio City — 91604,Studio City,91604,34.139082,-118.39275
Sugarloaf — 92386,Sugarloaf,92386,34.243088,-116.830015
Suisun City — 94585,Suisun City,94585,38.197907,-122.017258
Sultana — 93666,Sultana,93666,36.545353,-119.338535
Summerland — 93067,Summerland,93067,34.420998,-119.60137
Sun City — 92585,Sun City,92585,33.739412,-117.173334
Sun City — 92586,Sun City,92586,33.707483,-117.200006
Sun City — 92587,Sun City,92587,33.69887,-117.25071
Sun Valley — 91352,Sun Valley,91352,34.231053,-118.338307
Sunland — 91040,Sunland,91040,34.282704,-118.312929
Sunnyvale — 94086,Sunnyvale,94086,37.378541,-122.020456
Sunnyvale — 94087,Sunnyvale,94087,37.3511,-122.037311
Sunnyvale — 94089,Sunnyvale,94089,37.421633,-122.009613
Sunol — 94586,Sunol,94586,37.587494,-121.862856
Sunset Beach — 90742,Sunset Beach,90742,33.719221,-118.073596
Surfside — 90743,Surfside,90743,33.728273,-118.085304
Susanville — 96130,Susanville,96130,40.559177,-120.612113
Sutter — 95982,Sutter,95982,39.172777,-121.805845
Sutter Creek — 95685,Sutter Creek,95685,38.432145,-120.77069
Sylmar — 91342,Sylmar,91342,34.321621,-118.399841
Taft — 93268,Taft,93268,35.184837,-119.402525
Tahoe City — 96145,Tahoe City,96145,39.178337,-120.162806
Tahoe Vista — 96148,Tahoe Vista,96148,39.24124,-120.054765
Tahoma — 96142,Tahoma,96142,39.061227,-120.179546
Tarzana — 91356,Tarzana,91356,34.157137,-118.548511
Taylorsville — 95983,Taylorsville,95983,40.053684,-120.743116
Tecate — 91980,Tecate,91980,32.587557,-116.636816
Tecopa — 92389,Tecopa,92389,35.824572,-116.274755
Tehachapi — 93561,Tehachapi,93561,35.073777,-118.652112
Tehama — 96090,Tehama,96090,40.021787,-122.127576
Temecula — 92590,Temecula,92590,33.475493,-117.219551
Temecula — 92591,Temecula,92591,33.540604,-117.10909
Temecula — 92592,Temecula,92592,33.507255,-117.029473
Temple City — 91780,Temple City,91780,34.101608,-118.055848
Templeton — 93465,Templeton,93465,35.536115,-120.739231
Termo — 96132,Termo,96132,41.027281,-120.669427
Terra Bella — 93270,Terra Bella,93270,35.939068,-119.043666
The Sea Ranch — 95497,The Sea Ranch,95497,38.696659,-123.436861
Thermal — 92274,Thermal,92274,33.53604,-116.119222
Thornton — 95686,Thornton,95686,38.157794,-121.520223
Thousand Oaks — 91360,Thousand Oaks,91360,34.214054,-118.88109
Thousand Oaks — 91362,Thousand Oaks,91362,34.191842,-118.822796
Thousand Palms — 92276,Thousand Palms,92276,33.849263,-116.382778
Three Rivers — 93271,Three Rivers,93271,36.413433,-118.854708
Tipton — 93272,Tipton,93272,36.047414,-119.344304
Tollhouse — 93667,Tollhouse,93667,36.993666,-119.348267
Tomales — 94971,Tomales,94971,38.240769,-122.901041
Topanga — 90290,Topanga,90290,34.115192,-118.61017
Topaz — 96133,Topaz,96133,38.636052,-119.489162
Torrance — 90501,Torrance,90501,33.833699,-118.314387
Torrance — 90502,Torrance,90502,33.833181,-118.292062
Torrance — 90503,Torrance,90503,33.840399,-118.353714
Torrance — 90504,Torrance,90504,33.867257,-118.330794
Torrance — 90505,Torrance,90505,33.807882,-118.347957
Trabuco Canyon — 92679,Trabuco Canyon,92679,33.631119,-117.567346
Tracy — 95376,Tracy,95376,37.680968,-121.446049
Tranquillity — 93668,Tranquillity,93668,36.635661,-120.288644
Traver — 93673,Traver,93673,36.456091,-119.486225
Travis Afb — 94535,Travis Afb,94535,38.265899,-121.939461
Trinidad — 95570,Trinidad,95570,41.162295,-124.027381
Trinity Center — 96091,Trinity Center,96091,41.081847,-122.700545
Trona — 93562,Trona,93562,35.74837,-117.384948
Truckee — 96161,Truckee,96161,39.342498,-120.247127
Tujunga — 91042,Tujunga,91042,34.296574,-118.244839
Tulare — 93274,Tulare,93274,36.185471,-119.375243
Tulelake — 96134,Tulelake,96134,41.813521,-121.492666
Tuolumne — 95379,Tuolumne,95379,37.939768,-120.188002
Tupman — 93276,Tupman,93276,35.316263,-119.402559
Turlock — 95380,Turlock,95380,37.474396,-120.875917
Turlock — 95382,Turlock,95382,37.529656,-120.854357
Tustin — 92780,Tustin,92780,33.735802,-117.818805
Tustin — 92782,Tustin,92782,33.738543,-117.785046
Twain — 95984,Twain,95984,40.022184,-121.062384
Twain Harte — 95383,Twain Harte,95383,38.107441,-120.230625
Twentynine Palms — 92277,Twentynine Palms,92277,34.17211,-115.769773
Twentynine Palms — 92278,Twentynine Palms,92278,34.457829,-116.139589
Twin Bridges — 95735,Twin Bridges,95735,38.805481,-120.13287
Ukiah — 95482,Ukiah,95482,39.134075,-123.23422
Union City — 94587,Union City,94587,37.59485,-122.051521
Upland — 91784,Upland,91784,34.141146,-117.655583
Upland — 91786,Upland,91786,34.105493,-117.660934
Upper Lake — 95485,Upper Lake,95485,39.220368,-122.907693
Vacaville — 95687,Vacaville,95687,38.333133,-121.920151
Vacaville — 95688,Vacaville,95688,38.419088,-122.024568
Valencia — 91354,Valencia,91354,34.457005,-118.573726
Valencia — 91355,Valencia,91355,34.43987,-118.644609
Vallecito — 95251,Vallecito,95251,38.055562,-120.456298
Vallejo — 94589,Vallejo,94589,38.161321,-122.271588
Vallejo — 94590,Vallejo,94590,38.104705,-122.247387
Vallejo — 94591,Vallejo,94591,38.105733,-122.186338
Vallejo — 94592,Vallejo,94592,38.093701,-122.276589
Valley Center — 92082,Valley Center,92082,33.25283,-116.986079
Valley Ford — 94972,Valley Ford,94972,38.339996,-122.935056
Valley Springs — 95252,Valley Springs,95252,38.156971,-120.849231
Valley Village — 91607,Valley Village,91607,34.165783,-118.399795
Valyermo — 93563,Valyermo,93563,34.39583,-117.734568
Van Nuys — 91401,Van Nuys,91401,34.178483,-118.431791
Van Nuys — 91405,Van Nuys,91405,34.202494,-118.448048
Van Nuys — 91406,Van Nuys,91406,34.195685,-118.490752
Van Nuys — 91411,Van Nuys,91411,34.17847,-118.459472
Venice — 90291,Venice,90291,33.991782,-118.479229
Ventura — 93001,Ventura,93001,34.360261,-119.306383
Ventura — 93003,Ventura,93003,34.279221,-119.221437
Ventura — 93004,Ventura,93004,34.278697,-119.167798
Vernalis — 95385,Vernalis,95385,37.609095,-121.263381
Victorville — 92392,Victorville,92392,34.486835,-117.362274
Victorville — 92394,Victorville,92394,34.567058,-117.362329
Vidal — 92280,Vidal,92280,34.264124,-114.717964
Villa Park — 92861,Villa Park,92861,33.817473,-117.810462
Vina — 96092,Vina,96092,39.955164,-122.018567
Visalia — 93277,Visalia,93277,36.303793,-119.375646
Visalia — 93291,Visalia,93291,36.391777,-119.372842
Visalia — 93292,Visalia,93292,36.37559,-119.211689
Vista — 92083,Vista,92083,33.17494,-117.242761
Vista — 92084,Vista,92084,33.22784,-117.200024
Volcano — 95689,Volcano,95689,38.481902,-120.603668
Wallace — 95254,Wallace,95254,38.192608,-120.957842
Walnut — 91789,Walnut,91789,34.018354,-117.85492
Walnut Creek — 94595,Walnut Creek,94595,37.862128,-122.075197
Walnut Creek — 94596,Walnut Creek,94596,37.900662,-122.052782
Walnut Creek — 94598,Walnut Creek,94598,37.916648,-122.008483
Walnut Grove — 95690,Walnut Grove,95690,38.240419,-121.587535
Warner Springs — 92086,Warner Springs,92086,33.323705,-116.626907
Wasco — 93280,Wasco,93280,35.652242,-119.4464
Washington — 95986,Washington,95986,39.34128,-120.786867
Waterford — 95386,Waterford,95386,37.669516,-120.626964
Watsonville — 95076,Watsonville,95076,36.931654,-121.752383
Weaverville — 96093,Weaverville,96093,40.759401,-122.939337
Weed — 96094,Weed,96094,41.465121,-122.380947
Weimar — 95736,Weimar,95736,39.00978,-120.978273
Weldon — 93283,Weldon,93283,35.55647,-118.244914
Wendel — 96136,Wendel,96136,40.345949,-120.081187
Weott — 95571,Weott,95571,40.310119,-123.909449
West Covina — 91790,West Covina,91790,34.066964,-117.937007
West Covina — 91791,West Covina,91791,34.061634,-117.893169
West Covina — 91792,West Covina,91792,34.024405,-117.898722
West Hills — 91307,West Hills,91307,34.199787,-118.68493
West Hollywood — 90069,West Hollywood,90069,34.093781,-118.381061
West Point — 95255,West Point,95255,38.41935,-120.469545
West Sacramento — 95605,West Sacramento,95605,38.592745,-121.540036
West Sacramento — 95691,West Sacramento,95691,38.627951,-121.593287
Westlake Village — 91361,Westlake Village,91361,34.130992,-118.894673
Westley — 95387,Westley,95387,37.546007,-121.28257
Westminster — 92683,Westminster,92683,33.752591,-117.993661
Westmorland — 92281,Westmorland,92281,33.03679,-115.60503
Westport — 95488,Westport,95488,39.724433,-123.767578
Westwood — 96137,Westwood,96137,40.271535,-121.018087
Wheatland — 95692,Wheatland,95692,39.043387,-121.409837
White Water — 92282,White Water,92282,33.972293,-116.654195
Whitethorn — 95589,Whitethorn,95589,40.053159,-123.995867
Whitmore — 96096,Whitmore,96096,40.637105,-121.906949
Whittier — 90601,Whittier,90601,34.007353,-118.033683
Whittier — 90602,Whittier,90602,33.972119,-118.020188
Whittier — 90603,Whittier,90603,33.945318,-117.992066
Whittier — 90604,Whittier,90604,33.929704,-118.01208
Whittier — 90605,Whittier,90605,33.960891,-118.032222
Whittier — 90606,Whittier,90606,33.976678,-118.065875
Wildomar — 92595,Wildomar,92595,33.617108,-117.253349
Williams — 95987,Williams,95987,39.117537,-122.284654
Willits — 95490,Willits,95490,39.492046,-123.375818
Willow Creek — 95573,Willow Creek,95573,40.949012,-123.655847
Willows — 95988,Willows,95988,39.493991,-122.286363
Wilmington — 90744,Wilmington,90744,33.782068,-118.262263
Wilseyville — 95257,Wilseyville,95257,38.392686,-120.415951
Wilton — 95693,Wilton,95693,38.392559,-121.225093
Winchester — 92596,Winchester,92596,33.657433,-117.04254
Windsor — 95492,Windsor,95492,38.527297,-122.810044
Winnetka — 91306,Winnetka,91306,34.209532,-118.577563
Winterhaven — 92283,Winterhaven,92283,32.852947,-114.850784
Winters — 95694,Winters,95694,38.578604,-122.024579
Winton — 95388,Winton,95388,37.421299,-120.599587
Wishon — 93669,Wishon,93669,37.287758,-119.548156
Witter Springs — 95493,Witter Springs,95493,39.222323,-122.985488
Wofford Heights — 93285,Wofford Heights,93285,35.690535,-118.552784
Woodacre — 94973,Woodacre,94973,38.005839,-122.638155
Woodbridge — 95258,Woodbridge,95258,38.169605,-121.310964
Woodlake — 93286,Woodlake,93286,36.464635,-119.094348
Woodland — 95695,Woodland,95695,38.71967,-121.862416
Woodland — 95776,Woodland,95776,38.694081,-121.694431
Woodland Hills — 91364,Woodland Hills,91364,34.153733,-118.593408
Woodland Hills — 91367,Woodland Hills,91367,34.178068,-118.615714
Woody — 93287,Woody,93287,35.710244,-118.881679
Wrightwood — 92397,Wrightwood,92397,34.358321,-117.618263
Yermo — 92398,Yermo,92398,35.013299,-116.834092
Yorba Linda — 92886,Yorba Linda,92886,33.897253,-117.792202
Yorba Linda — 92887,Yorba Linda,92887,33.884073,-117.732197
Yorkville — 95494,Yorkville,95494,38.888351,-123.239647
Yosemite National Park — 95389,Yosemite National Park,95389,37.704267,-119.607001
Yountville — 94599,Yountville,94599,38.421458,-122.365048
Yreka — 96097,Yreka,96097,41.764869,-122.671316
Yuba City — 95991,Yuba City,95991,39.02741,-121.614982
Yuba City — 95993,Yuba City,95993,39.075694,-121.70606
Yucaipa — 92399,Yucaipa,92399,34.04597,-117.011825
Yucca Valley — 92284,Yucca Valley,92284,34.159534,-116.425984
Zenia — 95595,Zenia,95595,40.170357,-123.417298
